codigo_tm,pais,anio,exportaciones_usd_miles
704,Viet Nam,2016,1144740.0
764,Tailandia,2016,415410.0
528,Países Bajos,2016,219321.0
156,China,2016,167986.0
818,Egipto,2016,127819.0
792,Türkiye,2016,104253.0
344,"Hong Kong, China",2016,89457.0
724,España,2016,89324.0
699,India,2016,81263.0
842,Estados Unidos de América,2016,62342.0
170,Colombia,2016,57044.0
056,Bélgica,2016,53198.0
710,Sudáfrica,2016,51916.0
604,Perú,2016,41180.0
490,Taipei Chino,2016,36355.0
376,Israel,2016,31109.0
784,Emiratos Árabes Unidos,2016,24181.0
484,México,2016,21989.0
458,Malasia,2016,18689.0
251,Francia,2016,15286.0
300,Grecia,2016,14397.0
276,Alemania,2016,13956.0
381,Italia,2016,11902.0
364,"Irán, República Islámica del",2016,11854.0
031,Azerbaiyán,2016,11814.0
152,Chile,2016,10296.0
682,Arabia Saudita,2016,10252.0
218,Ecuador,2016,10228.0
418,"Lao, República Democrática Popular",2016,7290.0
320,Guatemala,2016,7033.0
586,Pakistán,2016,6947.0
512,Omán,2016,6854.0
360,Indonesia,2016,6739.0
504,Marruecos,2016,6223.0
144,Sri Lanka,2016,6102.0
414,Kuwait,2016,5958.0
040,Austria,2016,5525.0
104,Myanmar,2016,5449.0
348,Hungría,2016,4789.0
554,Nueva Zelandia,2016,4480.0
702,Singapur,2016,3722.0
752,Suecia,2016,3417.0
788,Túnez,2016,3095.0
340,Honduras,2016,3023.0
620,Portugal,2016,2876.0
203,República Checa,2016,2441.0
422,Líbano,2016,2421.0
826,Reino Unido,2016,2343.0
036,Australia,2016,2151.0
051,Armenia,2016,2113.0
308,Granada,2016,2015.0
388,Jamaica,2016,1981.0
191,Croacia,2016,1813.0
076,Brasil,2016,1763.0
440,Lituania,2016,1720.0
404,Kenya,2016,1612.0
214,República Dominicana,2016,1607.0
480,Mauricio,2016,1576.0
558,Nicaragua,2016,1390.0
208,Dinamarca,2016,1216.0
616,Polonia,2016,1115.0
032,Argentina,2016,856.0
428,Letonia,2016,759.0
124,Canadá,2016,710.0
188,Costa Rica,2016,674.0
400,Jordania,2016,604.0
268,Georgia,2016,591.0
112,Belarús,2016,566.0
100,Bulgaria,2016,562.0
417,Kirguistán,2016,502.0
643,"Rusia, Federación de",2016,496.0
662,Santa Lucía,2016,496.0
705,Eslovenia,2016,483.0
246,Finlandia,2016,426.0
780,Trinidad y Tobago,2016,388.0
096,Brunei Darussalam,2016,367.0
212,Dominica,2016,334.0
762,Tayikistán,2016,308.0
384,Côte d'Ivoire,2016,285.0
450,Madagascar,2016,280.0
392,Japón,2016,263.0
398,Kazajstán,2016,245.0
328,Guyana,2016,223.0
642,Rumania,2016,207.0
508,Mozambique,2016,192.0
048,Bahrein,2016,191.0
372,Irlanda,2016,164.0
196,Chipre,2016,158.0
442,Luxemburgo,2016,151.0
052,Barbados,2016,126.0
410,"Corea, República de",2016,121.0
288,Ghana,2016,94.0
800,Uganda,2016,92.0
608,Filipinas,2016,75.0
716,Zimbabwe,2016,73.0
108,Burundi,2016,72.0
242,Fiji,2016,63.0
050,Bangladesh,2016,63.0
120,Camerún,2016,59.0
686,Senegal,2016,52.0
670,San Vicente y las Granadinas,2016,47.0
740,Suriname,2016,38.0
757,Suiza,2016,35.0
703,Eslovaquia,2016,32.0
498,"Moldova, República de",2016,29.0
807,Macedonia del Norte,2016,26.0
231,Etiopía,2016,26.0
275,"Palestina, Estado de",2016,26.0
688,Serbia,2016,24.0
499,Montenegro,2016,24.0
834,"Tanzanía, República Unida de",2016,17.0
233,Estonia,2016,17.0
012,Argelia,2016,15.0
222,El Salvador,2016,11.0
562,Níger,2016,10.0
804,Ucrania,2016,7.0
524,Nepal,2016,6.0
426,Lesoto,2016,6.0
579,Noruega,2016,5.0
533,Aruba,2016,5.0
646,Ruanda,2016,3.0
516,Namibia,2016,3.0
882,Samoa,2016,3.0
352,Islandia,2016,2.0
084,Belice,2016,2.0
072,Botsuana,2016,2.0
894,Zambia,2016,1.0
070,Bosnia y Herzegovina,2016,1.0
858,Uruguay,2016,1.0
854,Burkina Faso,2016,1.0
332,Haití,2016,1.0
116,Camboya,2016,0.0
591,Panamá,2016,0.0
024,Angola,2016,0.0
768,Togo,2016,0.0
496,Mongolia,2016,0.0
470,Malta,2016,0.0
678,Sao Tomé y Príncipe,2016,0.0
204,Benin,2016,0.0
180,"Congo, República Democrática del",2016,0.0
064,Bhután,2016,0.0
566,Nigeria,2016,0.0
466,Malí,2016,0.0
748,Eswatini,2016,0.0
729,Sudán,2016,0.0
694,Sierra Leona,2016,0.0
192,Cuba,2016,0.0
266,Gabón,2016,0.0
090,Islas Salomon,2016,0.0
178,Congo,2016,0.0
028,Antigua y Barbuda,2016,0.0
004,Afganistán,2016,0.0
008,Albania,2016,0.0
020,Andorra,2016,0.0
704,Viet Nam,2017,1479306.0
764,Tailandia,2017,709184.0
528,Países Bajos,2017,236407.0
156,China,2017,126473.0
344,"Hong Kong, China",2017,123789.0
724,España,2017,118685.0
699,India,2017,109477.0
818,Egipto,2017,97836.0
792,Türkiye,2017,97302.0
842,Estados Unidos de América,2017,63730.0
170,Colombia,2017,62041.0
604,Perú,2017,59914.0
710,Sudáfrica,2017,53015.0
056,Bélgica,2017,33972.0
490,Taipei Chino,2017,33955.0
376,Israel,2017,31009.0
484,México,2017,27966.0
251,Francia,2017,26152.0
414,Kuwait,2017,25632.0
418,"Lao, República Democrática Popular",2017,24470.0
784,Emiratos Árabes Unidos,2017,23954.0
458,Malasia,2017,16383.0
218,Ecuador,2017,16345.0
682,Arabia Saudita,2017,14865.0
300,Grecia,2017,14221.0
031,Azerbaiyán,2017,13843.0
276,Alemania,2017,12880.0
381,Italia,2017,11785.0
152,Chile,2017,11665.0
504,Marruecos,2017,10751.0
586,Pakistán,2017,9185.0
348,Hungría,2017,8586.0
144,Sri Lanka,2017,8245.0
620,Portugal,2017,7897.0
860,Uzbekistán,2017,7732.0
320,Guatemala,2017,7261.0
104,Myanmar,2017,6996.0
288,Ghana,2017,5253.0
036,Australia,2017,5134.0
826,Reino Unido,2017,4957.0
040,Austria,2017,4892.0
554,Nueva Zelandia,2017,4559.0
788,Túnez,2017,4342.0
364,"Irán, República Islámica del",2017,4172.0
702,Singapur,2017,3647.0
752,Suecia,2017,3578.0
360,Indonesia,2017,3354.0
051,Armenia,2017,3324.0
308,Granada,2017,2814.0
440,Lituania,2017,2712.0
422,Líbano,2017,2671.0
340,Honduras,2017,2475.0
512,Omán,2017,2458.0
388,Jamaica,2017,2237.0
203,República Checa,2017,1943.0
214,República Dominicana,2017,1906.0
076,Brasil,2017,1582.0
404,Kenya,2017,1579.0
032,Argentina,2017,1359.0
191,Croacia,2017,1256.0
208,Dinamarca,2017,1189.0
800,Uganda,2017,1028.0
616,Polonia,2017,1018.0
268,Georgia,2017,982.0
558,Nicaragua,2017,969.0
480,Mauricio,2017,937.0
428,Letonia,2017,915.0
417,Kirguistán,2017,880.0
112,Belarús,2017,728.0
642,Rumania,2017,723.0
450,Madagascar,2017,615.0
100,Bulgaria,2017,523.0
643,"Rusia, Federación de",2017,499.0
124,Canadá,2017,498.0
705,Eslovenia,2017,498.0
188,Costa Rica,2017,444.0
716,Zimbabwe,2017,329.0
392,Japón,2017,318.0
662,Santa Lucía,2017,274.0
508,Mozambique,2017,258.0
780,Trinidad y Tobago,2017,251.0
328,Guyana,2017,250.0
384,Côte d'Ivoire,2017,235.0
212,Dominica,2017,233.0
400,Jordania,2017,221.0
048,Bahrein,2017,210.0
686,Senegal,2017,202.0
894,Zambia,2017,195.0
052,Barbados,2017,175.0
442,Luxemburgo,2017,162.0
120,Camerún,2017,153.0
372,Irlanda,2017,146.0
804,Ucrania,2017,126.0
116,Camboya,2017,106.0
196,Chipre,2017,100.0
608,Filipinas,2017,95.0
410,"Corea, República de",2017,83.0
233,Estonia,2017,74.0
646,Ruanda,2017,67.0
242,Fiji,2017,57.0
670,San Vicente y las Granadinas,2017,50.0
703,Eslovaquia,2017,49.0
204,Benin,2017,44.0
398,Kazajstán,2017,43.0
231,Etiopía,2017,41.0
222,El Salvador,2017,40.0
757,Suiza,2017,33.0
246,Finlandia,2017,24.0
012,Argelia,2017,22.0
108,Burundi,2017,21.0
579,Noruega,2017,20.0
499,Montenegro,2017,16.0
688,Serbia,2017,15.0
426,Lesoto,2017,13.0
762,Tayikistán,2017,11.0
275,"Palestina, Estado de",2017,10.0
834,"Tanzanía, República Unida de",2017,7.0
882,Samoa,2017,6.0
807,Macedonia del Norte,2017,6.0
531,Curaçao,2017,5.0
352,Islandia,2017,4.0
084,Belice,2017,4.0
008,Albania,2017,4.0
694,Sierra Leona,2017,3.0
180,"Congo, República Democrática del",2017,2.0
072,Botsuana,2017,2.0
024,Angola,2017,1.0
070,Bosnia y Herzegovina,2017,1.0
748,Eswatini,2017,1.0
591,Panamá,2017,0.0
498,"Moldova, República de",2017,0.0
740,Suriname,2017,0.0
516,Namibia,2017,0.0
768,Togo,2017,0.0
562,Níger,2017,0.0
858,Uruguay,2017,0.0
854,Burkina Faso,2017,0.0
496,Mongolia,2017,0.0
470,Malta,2017,0.0
678,Sao Tomé y Príncipe,2017,0.0
096,Brunei Darussalam,2017,0.0
064,Bhután,2017,0.0
776,Tonga,2017,0.0
566,Nigeria,2017,0.0
524,Nepal,2017,0.0
466,Malí,2017,0.0
729,Sudán,2017,0.0
626,Timor-Leste,2017,0.0
533,Aruba,2017,0.0
192,Cuba,2017,0.0
332,Haití,2017,0.0
266,Gabón,2017,0.0
090,Islas Salomon,2017,0.0
178,Congo,2017,0.0
050,Bangladesh,2017,0.0
028,Antigua y Barbuda,2017,0.0
004,Afganistán,2017,0.0
020,Andorra,2017,0.0
704,Viet Nam,2018,1563283.0
764,Tailandia,2018,640477.0
528,Países Bajos,2018,286543.0
156,China,2018,160001.0
792,Türkiye,2018,115029.0
699,India,2018,98482.0
724,España,2018,91875.0
344,"Hong Kong, China",2018,82966.0
818,Egipto,2018,76887.0
170,Colombia,2018,74863.0
604,Perú,2018,71178.0
842,Estados Unidos de América,2018,68048.0
056,Bélgica,2018,65153.0
784,Emiratos Árabes Unidos,2018,62204.0
490,Taipei Chino,2018,48563.0
218,Ecuador,2018,38202.0
710,Sudáfrica,2018,33547.0
484,México,2018,25752.0
414,Kuwait,2018,24169.0
376,Israel,2018,23421.0
458,Malasia,2018,19358.0
418,"Lao, República Democrática Popular",2018,18700.0
251,Francia,2018,18560.0
031,Azerbaiyán,2018,17841.0
682,Arabia Saudita,2018,17225.0
276,Alemania,2018,15649.0
152,Chile,2018,13880.0
300,Grecia,2018,13778.0
364,"Irán, República Islámica del",2018,13259.0
381,Italia,2018,12566.0
320,Guatemala,2018,9828.0
860,Uzbekistán,2018,9724.0
788,Túnez,2018,8694.0
504,Marruecos,2018,8574.0
288,Ghana,2018,7214.0
586,Pakistán,2018,5929.0
104,Myanmar,2018,4884.0
620,Portugal,2018,4836.0
040,Austria,2018,4514.0
554,Nueva Zelandia,2018,4442.0
826,Reino Unido,2018,3829.0
752,Suecia,2018,3809.0
036,Australia,2018,3806.0
348,Hungría,2018,3484.0
308,Granada,2018,3266.0
702,Singapur,2018,3108.0
360,Indonesia,2018,3010.0
422,Líbano,2018,2872.0
512,Omán,2018,2591.0
076,Brasil,2018,2425.0
388,Jamaica,2018,2398.0
404,Kenya,2018,2242.0
340,Honduras,2018,2200.0
566,Nigeria,2018,2152.0
480,Mauricio,2018,2110.0
214,República Dominicana,2018,2098.0
703,Eslovaquia,2018,2035.0
203,República Checa,2018,1817.0
440,Lituania,2018,1633.0
112,Belarús,2018,1561.0
051,Armenia,2018,1521.0
558,Nicaragua,2018,1444.0
800,Uganda,2018,1416.0
191,Croacia,2018,1233.0
116,Camboya,2018,1232.0
268,Georgia,2018,1091.0
705,Eslovenia,2018,1029.0
208,Dinamarca,2018,1022.0
894,Zambia,2018,928.0
643,"Rusia, Federación de",2018,914.0
428,Letonia,2018,890.0
100,Bulgaria,2018,859.0
124,Canadá,2018,826.0
642,Rumania,2018,698.0
508,Mozambique,2018,629.0
616,Polonia,2018,625.0
716,Zimbabwe,2018,581.0
120,Camerún,2018,524.0
048,Bahrein,2018,485.0
384,Côte d'Ivoire,2018,474.0
662,Santa Lucía,2018,471.0
392,Japón,2018,426.0
686,Senegal,2018,331.0
450,Madagascar,2018,318.0
400,Jordania,2018,299.0
780,Trinidad y Tobago,2018,238.0
442,Luxemburgo,2018,225.0
246,Finlandia,2018,222.0
188,Costa Rica,2018,215.0
608,Filipinas,2018,185.0
646,Ruanda,2018,178.0
372,Irlanda,2018,176.0
052,Barbados,2018,143.0
233,Estonia,2018,143.0
328,Guyana,2018,136.0
417,Kirguistán,2018,131.0
196,Chipre,2018,123.0
804,Ucrania,2018,123.0
410,"Corea, República de",2018,121.0
212,Dominica,2018,89.0
757,Suiza,2018,80.0
108,Burundi,2018,72.0
242,Fiji,2018,70.0
670,San Vicente y las Granadinas,2018,67.0
050,Bangladesh,2018,66.0
498,"Moldova, República de",2018,63.0
882,Samoa,2018,47.0
024,Angola,2018,41.0
688,Serbia,2018,37.0
740,Suriname,2018,35.0
231,Etiopía,2018,29.0
834,"Tanzanía, República Unida de",2018,11.0
499,Montenegro,2018,11.0
579,Noruega,2018,10.0
807,Macedonia del Norte,2018,10.0
180,"Congo, República Democrática del",2018,9.0
516,Namibia,2018,7.0
398,Kazajstán,2018,6.0
352,Islandia,2018,6.0
222,El Salvador,2018,6.0
070,Bosnia y Herzegovina,2018,3.0
762,Tayikistán,2018,3.0
531,Curaçao,2018,3.0
084,Belice,2018,2.0
426,Lesoto,2018,2.0
275,"Palestina, Estado de",2018,2.0
858,Uruguay,2018,1.0
854,Burkina Faso,2018,1.0
729,Sudán,2018,1.0
072,Botsuana,2018,1.0
591,Panamá,2018,0.0
768,Togo,2018,0.0
562,Níger,2018,0.0
496,Mongolia,2018,0.0
470,Malta,2018,0.0
678,Sao Tomé y Príncipe,2018,0.0
204,Benin,2018,0.0
096,Brunei Darussalam,2018,0.0
064,Bhután,2018,0.0
032,Argentina,2018,0.0
776,Tonga,2018,0.0
524,Nepal,2018,0.0
466,Malí,2018,0.0
748,Eswatini,2018,0.0
694,Sierra Leona,2018,0.0
626,Timor-Leste,2018,0.0
533,Aruba,2018,0.0
192,Cuba,2018,0.0
266,Gabón,2018,0.0
090,Islas Salomon,2018,0.0
178,Congo,2018,0.0
028,Antigua y Barbuda,2018,0.0
004,Afganistán,2018,0.0
008,Albania,2018,0.0
020,Andorra,2018,0.0
704,Viet Nam,2019,1549394.0
764,Tailandia,2019,785921.0
528,Países Bajos,2019,293639.0
156,China,2019,244836.0
056,Bélgica,2019,146417.0
344,"Hong Kong, China",2019,121181.0
699,India,2019,114529.0
792,Türkiye,2019,98166.0
724,España,2019,96146.0
170,Colombia,2019,80197.0
784,Emiratos Árabes Unidos,2019,75205.0
818,Egipto,2019,73090.0
842,Estados Unidos de América,2019,69765.0
218,Ecuador,2019,69241.0
604,Perú,2019,68209.0
490,Taipei Chino,2019,63374.0
418,"Lao, República Democrática Popular",2019,35539.0
860,Uzbekistán,2019,34300.0
710,Sudáfrica,2019,33349.0
484,México,2019,28535.0
031,Azerbaiyán,2019,26830.0
251,Francia,2019,24754.0
376,Israel,2019,19880.0
458,Malasia,2019,18874.0
300,Grecia,2019,16669.0
276,Alemania,2019,16514.0
414,Kuwait,2019,14964.0
004,Afganistán,2019,14747.0
364,"Irán, República Islámica del",2019,14172.0
381,Italia,2019,11528.0
152,Chile,2019,11056.0
144,Sri Lanka,2019,10940.0
682,Arabia Saudita,2019,10579.0
104,Myanmar,2019,9827.0
788,Túnez,2019,8547.0
504,Marruecos,2019,8277.0
320,Guatemala,2019,8175.0
586,Pakistán,2019,7456.0
288,Ghana,2019,6583.0
348,Hungría,2019,5965.0
826,Reino Unido,2019,5314.0
512,Omán,2019,4945.0
703,Eslovaquia,2019,4213.0
040,Austria,2019,4110.0
752,Suecia,2019,3842.0
360,Indonesia,2019,3798.0
203,República Checa,2019,3697.0
620,Portugal,2019,3336.0
340,Honduras,2019,3141.0
702,Singapur,2019,3088.0
036,Australia,2019,2996.0
076,Brasil,2019,2990.0
032,Argentina,2019,2967.0
554,Nueva Zelandia,2019,2752.0
400,Jordania,2019,2624.0
308,Granada,2019,2611.0
422,Líbano,2019,2494.0
800,Uganda,2019,2477.0
214,República Dominicana,2019,2359.0
404,Kenya,2019,2309.0
388,Jamaica,2019,2207.0
558,Nicaragua,2019,1781.0
440,Lituania,2019,1760.0
051,Armenia,2019,1579.0
428,Letonia,2019,1480.0
616,Polonia,2019,1479.0
116,Camboya,2019,1404.0
480,Mauricio,2019,1284.0
268,Georgia,2019,1172.0
894,Zambia,2019,1108.0
642,Rumania,2019,1023.0
191,Croacia,2019,931.0
662,Santa Lucía,2019,838.0
417,Kirguistán,2019,740.0
208,Dinamarca,2019,666.0
188,Costa Rica,2019,655.0
508,Mozambique,2019,604.0
643,"Rusia, Federación de",2019,576.0
112,Belarús,2019,532.0
705,Eslovenia,2019,489.0
384,Côte d'Ivoire,2019,481.0
716,Zimbabwe,2019,470.0
124,Canadá,2019,441.0
392,Japón,2019,372.0
100,Bulgaria,2019,338.0
450,Madagascar,2019,290.0
398,Kazajstán,2019,272.0
686,Senegal,2019,264.0
646,Ruanda,2019,262.0
410,"Corea, República de",2019,252.0
212,Dominica,2019,247.0
780,Trinidad y Tobago,2019,233.0
442,Luxemburgo,2019,233.0
804,Ucrania,2019,224.0
608,Filipinas,2019,190.0
120,Camerún,2019,188.0
048,Bahrein,2019,177.0
372,Irlanda,2019,151.0
328,Guyana,2019,140.0
052,Barbados,2019,104.0
242,Fiji,2019,94.0
670,San Vicente y las Granadinas,2019,82.0
233,Estonia,2019,78.0
768,Togo,2019,78.0
246,Finlandia,2019,57.0
108,Burundi,2019,56.0
196,Chipre,2019,53.0
834,"Tanzanía, República Unida de",2019,38.0
231,Etiopía,2019,35.0
757,Suiza,2019,33.0
499,Montenegro,2019,32.0
740,Suriname,2019,24.0
024,Angola,2019,23.0
498,"Moldova, República de",2019,21.0
426,Lesoto,2019,20.0
807,Macedonia del Norte,2019,19.0
531,Curaçao,2019,17.0
688,Serbia,2019,11.0
882,Samoa,2019,11.0
579,Noruega,2019,11.0
762,Tayikistán,2019,8.0
352,Islandia,2019,4.0
204,Benin,2019,4.0
776,Tonga,2019,4.0
222,El Salvador,2019,3.0
854,Burkina Faso,2019,3.0
466,Malí,2019,3.0
516,Namibia,2019,2.0
524,Nepal,2019,2.0
070,Bosnia y Herzegovina,2019,1.0
591,Panamá,2019,0.0
562,Níger,2019,0.0
858,Uruguay,2019,0.0
496,Mongolia,2019,0.0
470,Malta,2019,0.0
678,Sao Tomé y Príncipe,2019,0.0
084,Belice,2019,0.0
096,Brunei Darussalam,2019,0.0
180,"Congo, República Democrática del",2019,0.0
064,Bhután,2019,0.0
566,Nigeria,2019,0.0
748,Eswatini,2019,0.0
626,Timor-Leste,2019,0.0
533,Aruba,2019,0.0
192,Cuba,2019,0.0
275,"Palestina, Estado de",2019,0.0
266,Gabón,2019,0.0
178,Congo,2019,0.0
072,Botsuana,2019,0.0
028,Antigua y Barbuda,2019,0.0
008,Albania,2019,0.0
020,Andorra,2019,0.0
704,Viet Nam,2020,1341076.0
764,Tailandia,2020,630149.0
528,Países Bajos,2020,338683.0
156,China,2020,250775.0
792,Türkiye,2020,126075.0
344,"Hong Kong, China",2020,105764.0
218,Ecuador,2020,92677.0
699,India,2020,89878.0
724,España,2020,87874.0
842,Estados Unidos de América,2020,77878.0
170,Colombia,2020,76931.0
490,Taipei Chino,2020,69839.0
818,Egipto,2020,67571.0
604,Perú,2020,63788.0
784,Emiratos Árabes Unidos,2020,52680.0
056,Bélgica,2020,46588.0
484,México,2020,43669.0
418,"Lao, República Democrática Popular",2020,40325.0
031,Azerbaiyán,2020,36736.0
710,Sudáfrica,2020,33437.0
251,Francia,2020,22102.0
376,Israel,2020,21582.0
276,Alemania,2020,20639.0
860,Uzbekistán,2020,18600.0
300,Grecia,2020,18565.0
040,Austria,2020,18489.0
381,Italia,2020,16550.0
458,Malasia,2020,15708.0
682,Arabia Saudita,2020,14676.0
348,Hungría,2020,14352.0
152,Chile,2020,12513.0
512,Omán,2020,12071.0
826,Reino Unido,2020,10820.0
320,Guatemala,2020,10554.0
364,"Irán, República Islámica del",2020,6879.0
144,Sri Lanka,2020,6377.0
788,Túnez,2020,5578.0
504,Marruecos,2020,5375.0
036,Australia,2020,4774.0
586,Pakistán,2020,3976.0
203,República Checa,2020,3924.0
422,Líbano,2020,3840.0
340,Honduras,2020,3570.0
554,Nueva Zelandia,2020,3409.0
616,Polonia,2020,3086.0
800,Uganda,2020,2710.0
360,Indonesia,2020,2638.0
702,Singapur,2020,2630.0
404,Kenya,2020,2621.0
620,Portugal,2020,2513.0
032,Argentina,2020,2221.0
214,República Dominicana,2020,2208.0
388,Jamaica,2020,2059.0
076,Brasil,2020,2048.0
414,Kuwait,2020,1964.0
268,Georgia,2020,1823.0
428,Letonia,2020,1750.0
643,"Rusia, Federación de",2020,1715.0
480,Mauricio,2020,1361.0
308,Granada,2020,1191.0
558,Nicaragua,2020,1183.0
051,Armenia,2020,1169.0
440,Lituania,2020,1065.0
508,Mozambique,2020,1017.0
208,Dinamarca,2020,994.0
516,Namibia,2020,913.0
191,Croacia,2020,769.0
894,Zambia,2020,755.0
400,Jordania,2020,723.0
642,Rumania,2020,689.0
716,Zimbabwe,2020,648.0
116,Camboya,2020,587.0
705,Eslovenia,2020,586.0
450,Madagascar,2020,584.0
100,Bulgaria,2020,519.0
188,Costa Rica,2020,511.0
384,Côte d'Ivoire,2020,442.0
752,Suecia,2020,439.0
124,Canadá,2020,421.0
804,Ucrania,2020,391.0
112,Belarús,2020,367.0
212,Dominica,2020,357.0
392,Japón,2020,353.0
780,Trinidad y Tobago,2020,327.0
048,Bahrein,2020,308.0
646,Ruanda,2020,283.0
686,Senegal,2020,271.0
662,Santa Lucía,2020,258.0
242,Fiji,2020,208.0
410,"Corea, República de",2020,207.0
442,Luxemburgo,2020,204.0
608,Filipinas,2020,177.0
372,Irlanda,2020,163.0
398,Kazajstán,2020,148.0
703,Eslovaquia,2020,125.0
052,Barbados,2020,89.0
670,San Vicente y las Granadinas,2020,77.0
104,Myanmar,2020,75.0
882,Samoa,2020,70.0
246,Finlandia,2020,67.0
531,Curaçao,2020,63.0
024,Angola,2020,59.0
196,Chipre,2020,47.0
757,Suiza,2020,46.0
499,Montenegro,2020,31.0
807,Macedonia del Norte,2020,29.0
328,Guyana,2020,28.0
834,"Tanzanía, República Unida de",2020,26.0
090,Islas Salomon,2020,23.0
233,Estonia,2020,20.0
688,Serbia,2020,17.0
108,Burundi,2020,12.0
740,Suriname,2020,11.0
426,Lesoto,2020,11.0
120,Camerún,2020,11.0
854,Burkina Faso,2020,9.0
231,Etiopía,2020,8.0
776,Tonga,2020,5.0
417,Kirguistán,2020,4.0
352,Islandia,2020,2.0
222,El Salvador,2020,2.0
070,Bosnia y Herzegovina,2020,1.0
748,Eswatini,2020,1.0
591,Panamá,2020,0.0
498,"Moldova, República de",2020,0.0
768,Togo,2020,0.0
562,Níger,2020,0.0
858,Uruguay,2020,0.0
579,Noruega,2020,0.0
496,Mongolia,2020,0.0
470,Malta,2020,0.0
678,Sao Tomé y Príncipe,2020,0.0
204,Benin,2020,0.0
084,Belice,2020,0.0
096,Brunei Darussalam,2020,0.0
180,"Congo, República Democrática del",2020,0.0
064,Bhután,2020,0.0
566,Nigeria,2020,0.0
524,Nepal,2020,0.0
466,Malí,2020,0.0
762,Tayikistán,2020,0.0
626,Timor-Leste,2020,0.0
533,Aruba,2020,0.0
192,Cuba,2020,0.0
275,"Palestina, Estado de",2020,0.0
266,Gabón,2020,0.0
178,Congo,2020,0.0
072,Botsuana,2020,0.0
028,Antigua y Barbuda,2020,0.0
008,Albania,2020,0.0
020,Andorra,2020,0.0
704,Viet Nam,2021,1292215.0
764,Tailandia,2021,838617.0
528,Países Bajos,2021,329102.0
156,China,2021,251668.0
344,"Hong Kong, China",2021,233954.0
792,Türkiye,2021,134518.0
724,España,2021,100576.0
218,Ecuador,2021,99707.0
784,Emiratos Árabes Unidos,2021,96306.0
699,India,2021,95807.0
170,Colombia,2021,94058.0
604,Perú,2021,83514.0
842,Estados Unidos de América,2021,73101.0
818,Egipto,2021,71915.0
490,Taipei Chino,2021,68344.0
484,México,2021,59356.0
056,Bélgica,2021,44289.0
031,Azerbaiyán,2021,37192.0
251,Francia,2021,34881.0
040,Austria,2021,34873.0
710,Sudáfrica,2021,34642.0
418,"Lao, República Democrática Popular",2021,23448.0
348,Hungría,2021,21907.0
276,Alemania,2021,20133.0
376,Israel,2021,19721.0
458,Malasia,2021,18682.0
300,Grecia,2021,17171.0
381,Italia,2021,15601.0
860,Uzbekistán,2021,14985.0
826,Reino Unido,2021,12637.0
320,Guatemala,2021,12340.0
788,Túnez,2021,11234.0
144,Sri Lanka,2021,10172.0
152,Chile,2021,9723.0
422,Líbano,2021,9203.0
112,Belarús,2021,8882.0
364,"Irán, República Islámica del",2021,8818.0
682,Arabia Saudita,2021,7819.0
104,Myanmar,2021,7619.0
586,Pakistán,2021,6721.0
036,Australia,2021,6367.0
504,Marruecos,2021,6056.0
203,República Checa,2021,5928.0
288,Ghana,2021,5547.0
076,Brasil,2021,4068.0
512,Omán,2021,4025.0
554,Nueva Zelandia,2021,3706.0
404,Kenya,2021,3597.0
752,Suecia,2021,3385.0
340,Honduras,2021,3020.0
214,República Dominicana,2021,2921.0
360,Indonesia,2021,2860.0
616,Polonia,2021,2520.0
388,Jamaica,2021,2402.0
414,Kuwait,2021,2158.0
702,Singapur,2021,2140.0
308,Granada,2021,2122.0
400,Jordania,2021,2114.0
620,Portugal,2021,2024.0
100,Bulgaria,2021,2016.0
894,Zambia,2021,1986.0
268,Georgia,2021,1923.0
191,Croacia,2021,1918.0
428,Letonia,2021,1860.0
800,Uganda,2021,1756.0
558,Nicaragua,2021,1591.0
480,Mauricio,2021,1574.0
051,Armenia,2021,1440.0
516,Namibia,2021,1139.0
440,Lituania,2021,1086.0
642,Rumania,2021,985.0
508,Mozambique,2021,889.0
426,Lesoto,2021,860.0
716,Zimbabwe,2021,846.0
804,Ucrania,2021,831.0
643,"Rusia, Federación de",2021,776.0
705,Eslovenia,2021,746.0
450,Madagascar,2021,593.0
646,Ruanda,2021,525.0
392,Japón,2021,523.0
212,Dominica,2021,515.0
608,Filipinas,2021,504.0
780,Trinidad y Tobago,2021,501.0
208,Dinamarca,2021,497.0
384,Côte d'Ivoire,2021,442.0
124,Canadá,2021,417.0
410,"Corea, República de",2021,407.0
024,Angola,2021,402.0
372,Irlanda,2021,333.0
834,"Tanzanía, República Unida de",2021,290.0
398,Kazajstán,2021,274.0
882,Samoa,2021,263.0
442,Luxemburgo,2021,254.0
188,Costa Rica,2021,243.0
686,Senegal,2021,238.0
116,Camboya,2021,223.0
242,Fiji,2021,197.0
757,Suiza,2021,140.0
328,Guyana,2021,132.0
246,Finlandia,2021,97.0
703,Eslovaquia,2021,81.0
262,Djibouti,2021,71.0
052,Barbados,2021,56.0
670,San Vicente y las Granadinas,2021,52.0
048,Bahrein,2021,51.0
090,Islas Salomon,2021,48.0
196,Chipre,2021,45.0
466,Malí,2021,43.0
032,Argentina,2021,42.0
579,Noruega,2021,40.0
776,Tonga,2021,39.0
120,Camerún,2021,35.0
740,Suriname,2021,34.0
688,Serbia,2021,30.0
499,Montenegro,2021,28.0
417,Kirguistán,2021,26.0
233,Estonia,2021,25.0
854,Burkina Faso,2021,22.0
231,Etiopía,2021,21.0
108,Burundi,2021,17.0
807,Macedonia del Norte,2021,17.0
266,Gabón,2021,13.0
352,Islandia,2021,10.0
192,Cuba,2021,9.0
762,Tayikistán,2021,8.0
626,Timor-Leste,2021,8.0
524,Nepal,2021,7.0
222,El Salvador,2021,6.0
072,Botsuana,2021,5.0
496,Mongolia,2021,4.0
858,Uruguay,2021,3.0
070,Bosnia y Herzegovina,2021,2.0
064,Bhután,2021,1.0
591,Panamá,2021,0.0
498,"Moldova, República de",2021,0.0
768,Togo,2021,0.0
562,Níger,2021,0.0
470,Malta,2021,0.0
678,Sao Tomé y Príncipe,2021,0.0
204,Benin,2021,0.0
084,Belice,2021,0.0
096,Brunei Darussalam,2021,0.0
180,"Congo, República Democrática del",2021,0.0
566,Nigeria,2021,0.0
748,Eswatini,2021,0.0
533,Aruba,2021,0.0
275,"Palestina, Estado de",2021,0.0
178,Congo,2021,0.0
028,Antigua y Barbuda,2021,0.0
008,Albania,2021,0.0
020,Andorra,2021,0.0
704,Viet Nam,2022,842705.0
764,Tailandia,2022,604264.0
528,Países Bajos,2022,293367.0
156,China,2022,202245.0
818,Egipto,2022,131793.0
218,Ecuador,2022,121742.0
792,Türkiye,2022,119186.0
784,Emiratos Árabes Unidos,2022,108007.0
170,Colombia,2022,98775.0
724,España,2022,87613.0
344,"Hong Kong, China",2022,87274.0
604,Perú,2022,83381.0
699,India,2022,78086.0
842,Estados Unidos de América,2022,61150.0
484,México,2022,58976.0
056,Bélgica,2022,51073.0
710,Sudáfrica,2022,41064.0
031,Azerbaiyán,2022,39137.0
040,Austria,2022,32833.0
251,Francia,2022,25424.0
418,"Lao, República Democrática Popular",2022,22336.0
860,Uzbekistán,2022,19813.0
300,Grecia,2022,19638.0
376,Israel,2022,19608.0
276,Alemania,2022,19488.0
682,Arabia Saudita,2022,16311.0
381,Italia,2022,15161.0
458,Malasia,2022,14614.0
320,Guatemala,2022,14237.0
490,Taipei Chino,2022,13525.0
788,Túnez,2022,13387.0
422,Líbano,2022,11728.0
144,Sri Lanka,2022,11281.0
364,"Irán, República Islámica del",2022,10706.0
152,Chile,2022,10653.0
348,Hungría,2022,10405.0
036,Australia,2022,9951.0
826,Reino Unido,2022,7166.0
076,Brasil,2022,5859.0
288,Ghana,2022,5491.0
586,Pakistán,2022,4962.0
360,Indonesia,2022,4678.0
752,Suecia,2022,4134.0
504,Marruecos,2022,3938.0
116,Camboya,2022,3711.0
203,República Checa,2022,3514.0
100,Bulgaria,2022,3013.0
214,República Dominicana,2022,2951.0
554,Nueva Zelandia,2022,2942.0
450,Madagascar,2022,2722.0
620,Portugal,2022,2712.0
340,Honduras,2022,2683.0
308,Granada,2022,2570.0
702,Singapur,2022,2317.0
800,Uganda,2022,2297.0
268,Georgia,2022,2274.0
703,Eslovaquia,2022,2231.0
400,Jordania,2022,2224.0
404,Kenya,2022,2189.0
558,Nicaragua,2022,2150.0
894,Zambia,2022,2124.0
426,Lesoto,2022,2088.0
104,Myanmar,2022,2003.0
512,Omán,2022,1920.0
388,Jamaica,2022,1912.0
480,Mauricio,2022,1896.0
616,Polonia,2022,1849.0
428,Letonia,2022,1628.0
191,Croacia,2022,1541.0
516,Namibia,2022,1289.0
508,Mozambique,2022,1219.0
440,Lituania,2022,1117.0
686,Senegal,2022,913.0
414,Kuwait,2022,865.0
188,Costa Rica,2022,793.0
051,Armenia,2022,769.0
024,Angola,2022,737.0
716,Zimbabwe,2022,575.0
608,Filipinas,2022,532.0
392,Japón,2022,516.0
642,Rumania,2022,511.0
417,Kirguistán,2022,417.0
124,Canadá,2022,408.0
384,Côte d'Ivoire,2022,387.0
780,Trinidad y Tobago,2022,374.0
705,Eslovenia,2022,344.0
372,Irlanda,2022,339.0
242,Fiji,2022,313.0
208,Dinamarca,2022,310.0
410,"Corea, República de",2022,299.0
646,Ruanda,2022,259.0
442,Luxemburgo,2022,241.0
688,Serbia,2022,234.0
328,Guyana,2022,145.0
262,Djibouti,2022,139.0
804,Ucrania,2022,133.0
212,Dominica,2022,114.0
882,Samoa,2022,108.0
048,Bahrein,2022,101.0
052,Barbados,2022,97.0
398,Kazajstán,2022,85.0
246,Finlandia,2022,77.0
834,"Tanzanía, República Unida de",2022,77.0
670,San Vicente y las Granadinas,2022,74.0
120,Camerún,2022,57.0
266,Gabón,2022,42.0
499,Montenegro,2022,40.0
222,El Salvador,2022,37.0
108,Burundi,2022,32.0
740,Suriname,2022,30.0
524,Nepal,2022,27.0
776,Tonga,2022,26.0
090,Islas Salomon,2022,23.0
757,Suiza,2022,20.0
231,Etiopía,2022,20.0
352,Islandia,2022,16.0
072,Botsuana,2022,16.0
233,Estonia,2022,15.0
762,Tayikistán,2022,14.0
196,Chipre,2022,11.0
192,Cuba,2022,9.0
807,Macedonia del Norte,2022,7.0
070,Bosnia y Herzegovina,2022,5.0
858,Uruguay,2022,3.0
470,Malta,2022,2.0
626,Timor-Leste,2022,1.0
591,Panamá,2022,0.0
498,"Moldova, República de",2022,0.0
768,Togo,2022,0.0
562,Níger,2022,0.0
854,Burkina Faso,2022,0.0
579,Noruega,2022,0.0
496,Mongolia,2022,0.0
678,Sao Tomé y Príncipe,2022,0.0
204,Benin,2022,0.0
084,Belice,2022,0.0
096,Brunei Darussalam,2022,0.0
180,"Congo, República Democrática del",2022,0.0
064,Bhután,2022,0.0
032,Argentina,2022,0.0
566,Nigeria,2022,0.0
466,Malí,2022,0.0
748,Eswatini,2022,0.0
533,Aruba,2022,0.0
275,"Palestina, Estado de",2022,0.0
178,Congo,2022,0.0
028,Antigua y Barbuda,2022,0.0
008,Albania,2022,0.0
020,Andorra,2022,0.0
704,Viet Nam,2023,928541.0
764,Tailandia,2023,572381.0
528,Países Bajos,2023,319501.0
156,China,2023,220894.0
218,Ecuador,2023,186888.0
818,Egipto,2023,146553.0
792,Türkiye,2023,136615.0
784,Emiratos Árabes Unidos,2023,101656.0
170,Colombia,2023,98897.0
724,España,2023,93897.0
604,Perú,2023,88774.0
699,India,2023,79090.0
484,México,2023,64032.0
842,Estados Unidos de América,2023,62302.0
056,Bélgica,2023,43616.0
031,Azerbaiyán,2023,38830.0
040,Austria,2023,35385.0
251,Francia,2023,34790.0
710,Sudáfrica,2023,28202.0
300,Grecia,2023,26568.0
116,Camboya,2023,23243.0
458,Malasia,2023,19596.0
276,Alemania,2023,19580.0
376,Israel,2023,19173.0
344,"Hong Kong, China",2023,18714.0
381,Italia,2023,17469.0
418,"Lao, República Democrática Popular",2023,17237.0
364,"Irán, República Islámica del",2023,17207.0
887,Yemen,2023,15094.0
860,Uzbekistán,2023,13812.0
320,Guatemala,2023,13377.0
152,Chile,2023,12965.0
788,Túnez,2023,11186.0
144,Sri Lanka,2023,10921.0
490,Taipei Chino,2023,10353.0
682,Arabia Saudita,2023,10123.0
620,Portugal,2023,7191.0
036,Australia,2023,7058.0
288,Ghana,2023,6326.0
360,Indonesia,2023,5914.0
076,Brasil,2023,5801.0
504,Marruecos,2023,5528.0
340,Honduras,2023,5243.0
348,Hungría,2023,5001.0
100,Bulgaria,2023,4668.0
422,Líbano,2023,4599.0
400,Jordania,2023,4487.0
586,Pakistán,2023,3682.0
826,Reino Unido,2023,2962.0
214,República Dominicana,2023,2913.0
752,Suecia,2023,2911.0
554,Nueva Zelandia,2023,2852.0
450,Madagascar,2023,2684.0
703,Eslovaquia,2023,2639.0
616,Polonia,2023,2510.0
203,República Checa,2023,2387.0
702,Singapur,2023,2339.0
404,Kenya,2023,2305.0
426,Lesoto,2023,2300.0
268,Georgia,2023,2261.0
480,Mauricio,2023,1981.0
558,Nicaragua,2023,1938.0
428,Letonia,2023,1914.0
388,Jamaica,2023,1737.0
191,Croacia,2023,1391.0
512,Omán,2023,1390.0
440,Lituania,2023,1285.0
104,Myanmar,2023,1179.0
894,Zambia,2023,1161.0
686,Senegal,2023,872.0
516,Namibia,2023,846.0
417,Kirguistán,2023,805.0
508,Mozambique,2023,559.0
308,Granada,2023,543.0
392,Japón,2023,531.0
414,Kuwait,2023,502.0
800,Uganda,2023,491.0
188,Costa Rica,2023,488.0
024,Angola,2023,470.0
212,Dominica,2023,469.0
328,Guyana,2023,430.0
716,Zimbabwe,2023,401.0
780,Trinidad y Tobago,2023,396.0
208,Dinamarca,2023,391.0
124,Canadá,2023,351.0
372,Irlanda,2023,313.0
591,Panamá,2023,310.0
384,Côte d'Ivoire,2023,294.0
642,Rumania,2023,291.0
442,Luxemburgo,2023,258.0
410,"Corea, República de",2023,208.0
804,Ucrania,2023,171.0
646,Ruanda,2023,156.0
242,Fiji,2023,154.0
608,Filipinas,2023,140.0
705,Eslovenia,2023,127.0
757,Suiza,2023,120.0
398,Kazajstán,2023,99.0
052,Barbados,2023,89.0
262,Djibouti,2023,81.0
120,Camerún,2023,69.0
048,Bahrein,2023,59.0
740,Suriname,2023,58.0
834,"Tanzanía, República Unida de",2023,53.0
807,Macedonia del Norte,2023,52.0
246,Finlandia,2023,51.0
670,San Vicente y las Granadinas,2023,50.0
688,Serbia,2023,45.0
499,Montenegro,2023,44.0
222,El Salvador,2023,37.0
882,Samoa,2023,30.0
566,Nigeria,2023,27.0
070,Bosnia y Herzegovina,2023,25.0
266,Gabón,2023,24.0
352,Islandia,2023,20.0
776,Tonga,2023,20.0
768,Togo,2023,16.0
051,Armenia,2023,14.0
231,Etiopía,2023,14.0
233,Estonia,2023,11.0
678,Sao Tomé y Príncipe,2023,9.0
108,Burundi,2023,7.0
466,Malí,2023,7.0
579,Noruega,2023,5.0
762,Tayikistán,2023,5.0
498,"Moldova, República de",2023,4.0
858,Uruguay,2023,3.0
064,Bhután,2023,3.0
854,Burkina Faso,2023,2.0
470,Malta,2023,1.0
204,Benin,2023,1.0
180,"Congo, República Democrática del",2023,1.0
178,Congo,2023,1.0
072,Botsuana,2023,1.0
020,Andorra,2023,1.0
196,Chipre,2023,0.0
562,Níger,2023,0.0
496,Mongolia,2023,0.0
084,Belice,2023,0.0
096,Brunei Darussalam,2023,0.0
032,Argentina,2023,0.0
748,Eswatini,2023,0.0
626,Timor-Leste,2023,0.0
533,Aruba,2023,0.0
275,"Palestina, Estado de",2023,0.0
090,Islas Salomon,2023,0.0
028,Antigua y Barbuda,2023,0.0
008,Albania,2023,0.0
704,Viet Nam,2024,849876.0
764,Tailandia,2024,654781.0
528,Países Bajos,2024,330538.0
156,China,2024,252459.0
218,Ecuador,2024,233457.0
818,Egipto,2024,171520.0
792,Türkiye,2024,163954.0
724,España,2024,117239.0
170,Colombia,2024,106407.0
784,Emiratos Árabes Unidos,2024,95092.0
699,India,2024,94792.0
604,Perú,2024,88624.0
842,Estados Unidos de América,2024,73698.0
484,México,2024,60906.0
056,Bélgica,2024,56568.0
040,Austria,2024,43728.0
251,Francia,2024,35367.0
710,Sudáfrica,2024,35347.0
031,Azerbaiyán,2024,34581.0
116,Camboya,2024,32204.0
300,Grecia,2024,28620.0
490,Taipei Chino,2024,25058.0
276,Alemania,2024,24856.0
887,Yemen,2024,24647.0
376,Israel,2024,23642.0
381,Italia,2024,22700.0
344,"Hong Kong, China",2024,20778.0
458,Malasia,2024,18798.0
320,Guatemala,2024,12027.0
152,Chile,2024,11893.0
144,Sri Lanka,2024,11259.0
788,Túnez,2024,10326.0
348,Hungría,2024,10055.0
288,Ghana,2024,8510.0
620,Portugal,2024,8292.0
360,Indonesia,2024,8007.0
036,Australia,2024,7730.0
400,Jordania,2024,6758.0
340,Honduras,2024,6135.0
100,Bulgaria,2024,5366.0
076,Brasil,2024,5097.0
860,Uzbekistán,2024,4973.0
586,Pakistán,2024,4221.0
504,Marruecos,2024,4051.0
682,Arabia Saudita,2024,3932.0
422,Líbano,2024,3735.0
214,República Dominicana,2024,3430.0
826,Reino Unido,2024,3293.0
554,Nueva Zelandia,2024,3140.0
450,Madagascar,2024,2516.0
480,Mauricio,2024,2494.0
428,Letonia,2024,2425.0
616,Polonia,2024,2382.0
702,Singapur,2024,2353.0
404,Kenya,2024,2293.0
558,Nicaragua,2024,2222.0
426,Lesoto,2024,2161.0
268,Georgia,2024,2044.0
203,República Checa,2024,1885.0
512,Omán,2024,1830.0
388,Jamaica,2024,1256.0
508,Mozambique,2024,1213.0
440,Lituania,2024,1171.0
191,Croacia,2024,1086.0
686,Senegal,2024,1067.0
894,Zambia,2024,996.0
800,Uganda,2024,859.0
752,Suecia,2024,842.0
208,Dinamarca,2024,719.0
392,Japón,2024,611.0
780,Trinidad y Tobago,2024,524.0
591,Panamá,2024,498.0
372,Irlanda,2024,432.0
188,Costa Rica,2024,430.0
716,Zimbabwe,2024,411.0
703,Eslovaquia,2024,406.0
642,Rumania,2024,391.0
024,Angola,2024,368.0
124,Canadá,2024,331.0
308,Granada,2024,326.0
384,Côte d'Ivoire,2024,304.0
442,Luxemburgo,2024,245.0
417,Kirguistán,2024,245.0
242,Fiji,2024,230.0
328,Guyana,2024,209.0
410,"Corea, República de",2024,190.0
414,Kuwait,2024,188.0
688,Serbia,2024,143.0
608,Filipinas,2024,141.0
398,Kazajstán,2024,125.0
052,Barbados,2024,118.0
705,Eslovenia,2024,110.0
807,Macedonia del Norte,2024,109.0
757,Suiza,2024,103.0
804,Ucrania,2024,100.0
646,Ruanda,2024,94.0
834,"Tanzanía, República Unida de",2024,91.0
233,Estonia,2024,82.0
048,Bahrein,2024,78.0
776,Tonga,2024,61.0
740,Suriname,2024,58.0
012,Argelia,2024,55.0
246,Finlandia,2024,45.0
120,Camerún,2024,45.0
051,Armenia,2024,31.0
499,Montenegro,2024,31.0
352,Islandia,2024,24.0
104,Myanmar,2024,23.0
466,Malí,2024,17.0
882,Samoa,2024,15.0
196,Chipre,2024,14.0
516,Namibia,2024,13.0
566,Nigeria,2024,11.0
275,"Palestina, Estado de",2024,9.0
108,Burundi,2024,7.0
222,El Salvador,2024,6.0
028,Antigua y Barbuda,2024,5.0
858,Uruguay,2024,3.0
178,Congo,2024,2.0
579,Noruega,2024,1.0
470,Malta,2024,1.0
762,Tayikistán,2024,1.0
072,Botsuana,2024,1.0
498,"Moldova, República de",2024,0.0
070,Bosnia y Herzegovina,2024,0.0
768,Togo,2024,0.0
562,Níger,2024,0.0
854,Burkina Faso,2024,0.0
496,Mongolia,2024,0.0
678,Sao Tomé y Príncipe,2024,0.0
204,Benin,2024,0.0
084,Belice,2024,0.0
096,Brunei Darussalam,2024,0.0
180,"Congo, República Democrática del",2024,0.0
064,Bhután,2024,0.0
032,Argentina,2024,0.0
748,Eswatini,2024,0.0
090,Islas Salomon,2024,0.0
008,Albania,2024,0.0
764,Tailandia,2025,656331.0
528,Países Bajos,2025,391278.0
218,Ecuador,2025,341984.0
156,China,2025,251468.0
792,Türkiye,2025,168183.0
818,Egipto,2025,167976.0
724,España,2025,141318.0
604,Perú,2025,121763.0
699,India,2025,119164.0
170,Colombia,2025,116451.0
842,Estados Unidos de América,2025,75124.0
056,Bélgica,2025,58600.0
484,México,2025,55196.0
251,Francia,2025,45961.0
710,Sudáfrica,2025,44424.0
031,Azerbaiyán,2025,43813.0
040,Austria,2025,42422.0
116,Camboya,2025,39983.0
300,Grecia,2025,36447.0
276,Alemania,2025,31681.0
381,Italia,2025,31159.0
152,Chile,2025,20113.0
458,Malasia,2025,18324.0
344,"Hong Kong, China",2025,17140.0
144,Sri Lanka,2025,14986.0
360,Indonesia,2025,14305.0
320,Guatemala,2025,13550.0
620,Portugal,2025,12875.0
490,Taipei Chino,2025,11802.0
100,Bulgaria,2025,8932.0
682,Arabia Saudita,2025,8109.0
348,Hungría,2025,7867.0
076,Brasil,2025,7394.0
504,Marruecos,2025,7217.0
036,Australia,2025,4857.0
554,Nueva Zelandia,2025,4141.0
480,Mauricio,2025,4131.0
826,Reino Unido,2025,3889.0
450,Madagascar,2025,3404.0
214,República Dominicana,2025,3183.0
268,Georgia,2025,3080.0
404,Kenya,2025,2870.0
203,República Checa,2025,2800.0
586,Pakistán,2025,2703.0
428,Letonia,2025,2446.0
702,Singapur,2025,2398.0
616,Polonia,2025,2313.0
508,Mozambique,2025,1932.0
512,Omán,2025,1859.0
558,Nicaragua,2025,1825.0
191,Croacia,2025,1704.0
800,Uganda,2025,1256.0
440,Lituania,2025,1240.0
246,Finlandia,2025,1230.0
894,Zambia,2025,1185.0
388,Jamaica,2025,1102.0
686,Senegal,2025,915.0
372,Irlanda,2025,817.0
591,Panamá,2025,780.0
024,Angola,2025,749.0
208,Dinamarca,2025,731.0
780,Trinidad y Tobago,2025,716.0
398,Kazajstán,2025,642.0
716,Zimbabwe,2025,528.0
642,Rumania,2025,438.0
392,Japón,2025,427.0
124,Canadá,2025,357.0
752,Suecia,2025,324.0
384,Côte d'Ivoire,2025,322.0
188,Costa Rica,2025,288.0
442,Luxemburgo,2025,250.0
328,Guyana,2025,245.0
410,"Corea, República de",2025,200.0
703,Eslovaquia,2025,200.0
705,Eslovenia,2025,197.0
242,Fiji,2025,190.0
646,Ruanda,2025,188.0
757,Suiza,2025,177.0
834,"Tanzanía, República Unida de",2025,139.0
608,Filipinas,2025,122.0
688,Serbia,2025,111.0
052,Barbados,2025,88.0
233,Estonia,2025,64.0
051,Armenia,2025,63.0
498,"Moldova, República de",2025,58.0
740,Suriname,2025,52.0
516,Namibia,2025,48.0
070,Bosnia y Herzegovina,2025,22.0
108,Burundi,2025,19.0
417,Kirguistán,2025,16.0
196,Chipre,2025,15.0
352,Islandia,2025,15.0
768,Togo,2025,15.0
222,El Salvador,2025,11.0
562,Níger,2025,8.0
882,Samoa,2025,8.0
858,Uruguay,2025,6.0
854,Burkina Faso,2025,0.0
579,Noruega,2025,0.0
496,Mongolia,2025,0.0
470,Malta,2025,0.0
376,Israel,2025,0.0
678,Sao Tomé y Príncipe,2025,0.0
204,Benin,2025,0.0
084,Belice,2025,0.0
096,Brunei Darussalam,2025,0.0
180,"Congo, República Democrática del",2025,0.0
064,Bhután,2025,0.0
032,Argentina,2025,0.0
