reporterCd,reporterLabel,partnerCd,partnerLabel,productCd,productLabel,Value (kUSD),Balance (kUSD),Share (%),Share Partner Country (%),,Ranking Partners,Growth Value 5Y (%),Growth Value 2Y (%),Growth Value Partners 5Y (%)
170,Colombia,000,Mundo,71,"Perlas finas (naturales) o cultivadas, piedras preciosas o semipreciosas, metales preciosos, chapados de metal precioso (plaqué) y manufacturas de estas materias; bisutería; monedas",4854861,4727086,100.0000000000000000,,100,,11,12,12
170,Colombia,842,Estados Unidos de América,71,"Perlas finas (naturales) o cultivadas, piedras preciosas o semipreciosas, metales preciosos, chapados de metal precioso (plaqué) y manufacturas de estas materias; bisutería; monedas",1502344,1496524,30.9451496139642309,1.262992,11.21528,4,7,-7,9
170,Colombia,124,Canadá,71,"Perlas finas (naturales) o cultivadas, piedras preciosas o semipreciosas, metales preciosos, chapados de metal precioso (plaqué) y manufacturas de estas materias; bisutería; monedas",781230,780486,16.0917068480436412,3.013167,1.900628,12,1,650841,7
170,Colombia,784,Emiratos Árabes Unidos,71,"Perlas finas (naturales) o cultivadas, piedras preciosas o semipreciosas, metales preciosos, chapados de metal precioso (plaqué) y manufacturas de estas materias; bisutería; monedas",765701,765697,15.7718418714768559,0.9575035,5.818736,7,65,77,24
170,Colombia,838,Zona franca,71,"Perlas finas (naturales) o cultivadas, piedras preciosas o semipreciosas, metales preciosos, chapados de metal precioso (plaqué) y manufacturas de estas materias; bisutería; monedas",432908,428289,8.9170009192848158,99.36558,0.03170077,64,-2,-25,-2
170,Colombia,699,India,71,"Perlas finas (naturales) o cultivadas, piedras preciosas o semipreciosas, metales preciosos, chapados de metal precioso (plaqué) y manufacturas de estas materias; bisutería; monedas",398706,394511,8.2125111305967359,0.6965694,6.864609,6,29,-32,3
170,Colombia,381,Italia,71,"Perlas finas (naturales) o cultivadas, piedras preciosas o semipreciosas, metales preciosos, chapados de metal precioso (plaqué) y manufacturas de estas materias; bisutería; monedas",380116,320693,7.8295959451774211,2.64229,1.675945,13,-5,-20,5
170,Colombia,757,Suiza,71,"Perlas finas (naturales) o cultivadas, piedras preciosas o semipreciosas, metales preciosos, chapados de metal precioso (plaqué) y manufacturas de estas materias; bisutería; monedas",317765,316416,6.5452955295733493,0.1710779,17.33443,1,26,88,17
170,Colombia,344,"Hong Kong, China",71,"Perlas finas (naturales) o cultivadas, piedras preciosas o semipreciosas, metales preciosos, chapados de metal precioso (plaqué) y manufacturas de estas materias; bisutería; monedas",136008,135410,2.8014808250946835,0.05175159,11.23368,3,-9,-66,18
170,Colombia,036,Australia,71,"Perlas finas (naturales) o cultivadas, piedras preciosas o semipreciosas, metales preciosos, chapados de metal precioso (plaqué) y manufacturas de estas materias; bisutería; monedas",58944,58944,1.2141233291746149,0.0008906355,1.168277,15,-71,1684014,17
170,Colombia,764,Tailandia,71,"Perlas finas (naturales) o cultivadas, piedras preciosas o semipreciosas, metales preciosos, chapados de metal precioso (plaqué) y manufacturas de estas materias; bisutería; monedas",17716,7063,0.3649126102683475,0.3418756,2.153628,9,41,98,22
170,Colombia,604,Perú,71,"Perlas finas (naturales) o cultivadas, piedras preciosas o semipreciosas, metales preciosos, chapados de metal precioso (plaqué) y manufacturas de estas materias; bisutería; monedas",16188,15955,0.3334390006222629,27.19304,0.004581999,98,9,-2,12
170,Colombia,251,Francia,71,"Perlas finas (naturales) o cultivadas, piedras preciosas o semipreciosas, metales preciosos, chapados de metal precioso (plaqué) y manufacturas de estas materias; bisutería; monedas",13479,12693,0.2776392568190933,0.4046526,0.9175094,17,92,129,12
170,Colombia,392,Japón,71,"Perlas finas (naturales) o cultivadas, piedras preciosas o semipreciosas, metales preciosos, chapados de metal precioso (plaqué) y manufacturas de estas materias; bisutería; monedas",7714,7711,0.1588922937237544,0.118264,1.176497,14,3,16,-10
170,Colombia,218,Ecuador,71,"Perlas finas (naturales) o cultivadas, piedras preciosas o semipreciosas, metales preciosos, chapados de metal precioso (plaqué) y manufacturas de estas materias; bisutería; monedas",6514,6487,0.1341747992373005,29.34598,0.00205599,114,11,14,11
170,Colombia,792,Türkiye,71,"Perlas finas (naturales) o cultivadas, piedras preciosas o semipreciosas, metales preciosos, chapados de metal precioso (plaqué) y manufacturas de estas materias; bisutería; monedas",6457,5797,0.1330007182491940,0.004912762,2.045398,11,25,207,33
170,Colombia,484,México,71,"Perlas finas (naturales) o cultivadas, piedras preciosas o semipreciosas, metales preciosos, chapados de metal precioso (plaqué) y manufacturas de estas materias; bisutería; monedas",3885,3317,0.0800228883998945,0.1920768,0.1544835,32,7,-16,15
170,Colombia,152,Chile,71,"Perlas finas (naturales) o cultivadas, piedras preciosas o semipreciosas, metales preciosos, chapados de metal precioso (plaqué) y manufacturas de estas materias; bisutería; monedas",1975,1556,0.0406808763422887,4.231742,0.009783694,82,-27,-21,-8
170,Colombia,276,Alemania,71,"Perlas finas (naturales) o cultivadas, piedras preciosas o semipreciosas, metales preciosos, chapados de metal precioso (plaqué) y manufacturas de estas materias; bisutería; monedas",1419,-1070,0.0292284372302317,0.03575264,2.614182,8,-27,-73,-7
170,Colombia,068,"Bolivia, Estado Plurinacional de",71,"Perlas finas (naturales) o cultivadas, piedras preciosas o semipreciosas, metales preciosos, chapados de metal precioso (plaqué) y manufacturas de estas materias; bisutería; monedas",1018,1003,0.0209686744893417,7.555418,0.001181642,124,-20,-58,15
170,Colombia,320,Guatemala,71,"Perlas finas (naturales) o cultivadas, piedras preciosas o semipreciosas, metales preciosos, chapados de metal precioso (plaqué) y manufacturas de estas materias; bisutería; monedas",728,728,0.0149952799884487,0.9322175,0.006564325,91,-9,2,24
170,Colombia,724,España,71,"Perlas finas (naturales) o cultivadas, piedras preciosas o semipreciosas, metales preciosos, chapados de metal precioso (plaqué) y manufacturas de estas materias; bisutería; monedas",675,-2594,0.0139035906486303,0.02771273,0.3253133,27,-35,-15,5
170,Colombia,858,Uruguay,71,"Perlas finas (naturales) o cultivadas, piedras preciosas o semipreciosas, metales preciosos, chapados de metal precioso (plaqué) y manufacturas de estas materias; bisutería; monedas",636,631,0.0131002720778206,2.319293,0.001210999,123,3,41,15
170,Colombia,591,Panamá,71,"Perlas finas (naturales) o cultivadas, piedras preciosas o semipreciosas, metales preciosos, chapados de metal precioso (plaqué) y manufacturas de estas materias; bisutería; monedas",603,45,0.0124205409794431,2.346122,0.03501182,59,-18,-59,20
170,Colombia,170,Colombia,71,"Perlas finas (naturales) o cultivadas, piedras preciosas o semipreciosas, metales preciosos, chapados de metal precioso (plaqué) y manufacturas de estas materias; bisutería; monedas",539,500,0.0111022746068322,0.0305224,0.009297287,83,11,18,15
170,Colombia,188,Costa Rica,71,"Perlas finas (naturales) o cultivadas, piedras preciosas o semipreciosas, metales preciosos, chapados de metal precioso (plaqué) y manufacturas de estas materias; bisutería; monedas",444,444,0.0091454729599879,0.5210115,0.01212222,78,4,26,34
170,Colombia,702,Singapur,71,"Perlas finas (naturales) o cultivadas, piedras preciosas o semipreciosas, metales preciosos, chapados de metal precioso (plaqué) y manufacturas de estas materias; bisutería; monedas",327,59,0.0067355172475587,0.03970831,2.138817,10,62,5,6
170,Colombia,214,República Dominicana,71,"Perlas finas (naturales) o cultivadas, piedras preciosas o semipreciosas, metales preciosos, chapados de metal precioso (plaqué) y manufacturas de estas materias; bisutería; monedas",214,204,0.0044079531834176,0.03645559,0.04710397,51,-4,-30,-1
170,Colombia,032,Argentina,71,"Perlas finas (naturales) o cultivadas, piedras preciosas o semipreciosas, metales preciosos, chapados de metal precioso (plaqué) y manufacturas de estas materias; bisutería; monedas",193,186,0.0039753970299047,0.1580153,0.006446708,93,11,-11,-17
170,Colombia,222,El Salvador,71,"Perlas finas (naturales) o cultivadas, piedras preciosas o semipreciosas, metales preciosos, chapados de metal precioso (plaqué) y manufacturas de estas materias; bisutería; monedas",73,73,0.0015036475812593,0.2902655,0.003083326,106,12,-3,9
170,Colombia,040,Austria,71,"Perlas finas (naturales) o cultivadas, piedras preciosas o semipreciosas, metales preciosos, chapados de metal precioso (plaqué) y manufacturas de estas materias; bisutería; monedas",67,-57,0.0013800601088270,0.005036347,0.4550978,25,-23,-62,-11
170,Colombia,634,Qatar,71,"Perlas finas (naturales) o cultivadas, piedras preciosas o semipreciosas, metales preciosos, chapados de metal precioso (plaqué) y manufacturas de estas materias; bisutería; monedas",40,40,0.0008239164828818,0.00045317,0.6422567,20,,,54
170,Colombia,554,Nueva Zelandia,71,"Perlas finas (naturales) o cultivadas, piedras preciosas o semipreciosas, metales preciosos, chapados de metal precioso (plaqué) y manufacturas de estas materias; bisutería; monedas",34,34,0.0007003290104495,0.01913912,0.0342161,60,,,-7
170,Colombia,268,Georgia,71,"Perlas finas (naturales) o cultivadas, piedras preciosas o semipreciosas, metales preciosos, chapados de metal precioso (plaqué) y manufacturas de estas materias; bisutería; monedas",33,33,0.0006797310983775,,0.001522398,118,,,29
170,Colombia,826,Reino Unido,71,"Perlas finas (naturales) o cultivadas, piedras preciosas o semipreciosas, metales preciosos, chapados de metal precioso (plaqué) y manufacturas de estas materias; bisutería; monedas",26,-62,0.0005355457138732,0.004475002,13.08105,2,-61,-34,22
170,Colombia,528,Países Bajos,71,"Perlas finas (naturales) o cultivadas, piedras preciosas o semipreciosas, metales preciosos, chapados de metal precioso (plaqué) y manufacturas de estas materias; bisutería; monedas",25,-2389,0.0005149478018011,0.002121681,0.1920515,29,85,926,12
170,Colombia,208,Dinamarca,71,"Perlas finas (naturales) o cultivadas, piedras preciosas o semipreciosas, metales preciosos, chapados de metal precioso (plaqué) y manufacturas de estas materias; bisutería; monedas",20,20,0.0004119582414409,0.007055918,0.02474956,69,,,0
170,Colombia,531,Curaçao,71,"Perlas finas (naturales) o cultivadas, piedras preciosas o semipreciosas, metales preciosos, chapados de metal precioso (plaqué) y manufacturas de estas materias; bisutería; monedas",12,12,0.0002471749448645,0.003272751,0.0266795,67,-15,658,30
170,Colombia,076,Brasil,71,"Perlas finas (naturales) o cultivadas, piedras preciosas o semipreciosas, metales preciosos, chapados de metal precioso (plaqué) y manufacturas de estas materias; bisutería; monedas",11,-2821,0.0002265770327925,0.009367201,0.08233902,41,-14,120,0
170,Colombia,056,Bélgica,71,"Perlas finas (naturales) o cultivadas, piedras preciosas o semipreciosas, metales preciosos, chapados de metal precioso (plaqué) y manufacturas de estas materias; bisutería; monedas",10,-29,0.0002059791207204,0.01090445,0.7760433,19,-45,84,-18
170,Colombia,818,Egipto,71,"Perlas finas (naturales) o cultivadas, piedras preciosas o semipreciosas, metales preciosos, chapados de metal precioso (plaqué) y manufacturas de estas materias; bisutería; monedas",10,10,0.0002059791207204,,0.08076315,42,38,,-9
170,Colombia,051,Armenia,71,"Perlas finas (naturales) o cultivadas, piedras preciosas o semipreciosas, metales preciosos, chapados de metal precioso (plaqué) y manufacturas de estas materias; bisutería; monedas",9,9,0.0001853812086484,0.001147441,0.1902395,30,-11,,103
170,Colombia,705,Eslovenia,71,"Perlas finas (naturales) o cultivadas, piedras preciosas o semipreciosas, metales preciosos, chapados de metal precioso (plaqué) y manufacturas de estas materias; bisutería; monedas",9,9,0.0001853812086484,0.002599462,0.03358981,61,,49,5
170,Colombia,608,Filipinas,71,"Perlas finas (naturales) o cultivadas, piedras preciosas o semipreciosas, metales preciosos, chapados de metal precioso (plaqué) y manufacturas de estas materias; bisutería; monedas",6,6,0.0001235874724323,0.0003360678,0.02165127,73,,,4
170,Colombia,682,Arabia Saudita,71,"Perlas finas (naturales) o cultivadas, piedras preciosas o semipreciosas, metales preciosos, chapados de metal precioso (plaqué) y manufacturas de estas materias; bisutería; monedas",6,6,0.0001235874724323,0.0001494985,0.8760835,18,,280,21
170,Colombia,340,Honduras,71,"Perlas finas (naturales) o cultivadas, piedras preciosas o semipreciosas, metales preciosos, chapados de metal precioso (plaqué) y manufacturas de estas materias; bisutería; monedas",5,5,0.0001029895603602,0.02208676,0.001647196,117,-17,2,27
170,Colombia,410,"Corea, República de",71,"Perlas finas (naturales) o cultivadas, piedras preciosas o semipreciosas, metales preciosos, chapados de metal precioso (plaqué) y manufacturas de estas materias; bisutería; monedas",5,-54,0.0001029895603602,0.001020482,0.9697137,16,-32,,8
170,Colombia,458,Malasia,71,"Perlas finas (naturales) o cultivadas, piedras preciosas o semipreciosas, metales preciosos, chapados de metal precioso (plaqué) y manufacturas de estas materias; bisutería; monedas",3,-41,0.0000617937362161,0.0006695777,0.5976838,21,10,-82,5
170,Colombia,703,Eslovaquia,71,"Perlas finas (naturales) o cultivadas, piedras preciosas o semipreciosas, metales preciosos, chapados de metal precioso (plaqué) y manufacturas de estas materias; bisutería; monedas",3,-2543,0.0000617937362161,,0.0253508,68,,,20
170,Colombia,710,Sudáfrica,71,"Perlas finas (naturales) o cultivadas, piedras preciosas o semipreciosas, metales preciosos, chapados de metal precioso (plaqué) y manufacturas de estas materias; bisutería; monedas",3,3,0.0000617937362161,0.000147743,0.1477489,33,,-6,9
170,Colombia,348,Hungría,71,"Perlas finas (naturales) o cultivadas, piedras preciosas o semipreciosas, metales preciosos, chapados de metal precioso (plaqué) y manufacturas de estas materias; bisutería; monedas",2,2,0.0000411958241441,0.001041108,0.02795593,66,-10,,-1
170,Colombia,044,Bahamas,71,"Perlas finas (naturales) o cultivadas, piedras preciosas o semipreciosas, metales preciosos, chapados de metal precioso (plaqué) y manufacturas de estas materias; bisutería; monedas",1,1,0.0000205979120720,0.006292474,0.005781764,95,,,33
170,Colombia,360,Indonesia,71,"Perlas finas (naturales) o cultivadas, piedras preciosas o semipreciosas, metales preciosos, chapados de metal precioso (plaqué) y manufacturas de estas materias; bisutería; monedas",1,-19,0.0000205979120720,,0.3755651,26,-69,,16
170,Colombia,862,"Venezuela, República Bolivariana de",71,"Perlas finas (naturales) o cultivadas, piedras preciosas o semipreciosas, metales preciosos, chapados de metal precioso (plaqué) y manufacturas de estas materias; bisutería; monedas",1,1,0.0000205979120720,0.002308562,0.003151844,105,-36,,63
170,Colombia,004,Afganistán,71,"Perlas finas (naturales) o cultivadas, piedras preciosas o semipreciosas, metales preciosos, chapados de metal precioso (plaqué) y manufacturas de estas materias; bisutería; monedas",,-1,,,0.0004327728,146,,,-20
170,Colombia,100,Bulgaria,71,"Perlas finas (naturales) o cultivadas, piedras preciosas o semipreciosas, metales preciosos, chapados de metal precioso (plaqué) y manufacturas de estas materias; bisutería; monedas",,-1,,0.0001513345,0.04808081,49,,,36
170,Colombia,144,Sri Lanka,71,"Perlas finas (naturales) o cultivadas, piedras preciosas o semipreciosas, metales preciosos, chapados de metal precioso (plaqué) y manufacturas de estas materias; bisutería; monedas",,-8,,,0.01066674,81,,,0
170,Colombia,156,China,71,"Perlas finas (naturales) o cultivadas, piedras preciosas o semipreciosas, metales preciosos, chapados de metal precioso (plaqué) y manufacturas de estas materias; bisutería; monedas",,-21428,,0.002969915,8.587245,5,,,10
170,Colombia,300,Grecia,71,"Perlas finas (naturales) o cultivadas, piedras preciosas o semipreciosas, metales preciosos, chapados de metal precioso (plaqué) y manufacturas de estas materias; bisutería; monedas",,-187,,0.00769858,0.02079325,74,,,20
170,Colombia,372,Irlanda,71,"Perlas finas (naturales) o cultivadas, piedras preciosas o semipreciosas, metales preciosos, chapados de metal precioso (plaqué) y manufacturas de estas materias; bisutería; monedas",,-41,,0.0002640592,0.08266655,40,,,-4
170,Colombia,376,Israel,71,"Perlas finas (naturales) o cultivadas, piedras preciosas o semipreciosas, metales preciosos, chapados de metal precioso (plaqué) y manufacturas de estas materias; bisutería; monedas",,-77,,0.06803319,0.2550806,28,,,-17
170,Colombia,446,"Macao, China",71,"Perlas finas (naturales) o cultivadas, piedras preciosas o semipreciosas, metales preciosos, chapados de metal precioso (plaqué) y manufacturas de estas materias; bisutería; monedas",,-22,,,0.1397092,34,,,0
170,Colombia,450,Madagascar,71,"Perlas finas (naturales) o cultivadas, piedras preciosas o semipreciosas, metales preciosos, chapados de metal precioso (plaqué) y manufacturas de estas materias; bisutería; monedas",,-2,,,0.00002334946,184,,,-22
170,Colombia,480,Mauricio,71,"Perlas finas (naturales) o cultivadas, piedras preciosas o semipreciosas, metales preciosos, chapados de metal precioso (plaqué) y manufacturas de estas materias; bisutería; monedas",,-4,,0.008154944,0.003569036,102,,,-24
170,Colombia,616,Polonia,71,"Perlas finas (naturales) o cultivadas, piedras preciosas o semipreciosas, metales preciosos, chapados de metal precioso (plaqué) y manufacturas de estas materias; bisutería; monedas",,-389,,0.00007670611,0.1897185,31,,,-4
170,Colombia,620,Portugal,71,"Perlas finas (naturales) o cultivadas, piedras preciosas o semipreciosas, metales preciosos, chapados de metal precioso (plaqué) y manufacturas de estas materias; bisutería; monedas",,-1,,0.004209125,0.03630256,58,,,15
170,Colombia,642,Rumania,71,"Perlas finas (naturales) o cultivadas, piedras preciosas o semipreciosas, metales preciosos, chapados de metal precioso (plaqué) y manufacturas de estas materias; bisutería; monedas",,-1,,0.001497753,0.04372321,53,,,
170,Colombia,704,Viet Nam,71,"Perlas finas (naturales) o cultivadas, piedras preciosas o semipreciosas, metales preciosos, chapados de metal precioso (plaqué) y manufacturas de estas materias; bisutería; monedas",,-684,,,0.1027071,37,,,13
170,Colombia,752,Suecia,71,"Perlas finas (naturales) o cultivadas, piedras preciosas o semipreciosas, metales preciosos, chapados de metal precioso (plaqué) y manufacturas de estas materias; bisutería; monedas",,-1,,0.0003854983,0.07550006,44,,,20
