anio,pais_destino,valor_fob_usd,peso_neto_kg,registros,ue,precio_usd_kg,part_pct_anio
2020,ESTADOS UNIDOS,83904492.75,19851701.95,12334,False,4.2266,41.0677
2020,JAPÓN,41318703.85,7267866.96,3478,False,5.6851,20.2238
2020,PAÍSES BAJOS,20594272.97,4081730.72,2483,True,5.0455,10.08
2020,ESPAÑA,9103198.92,1581565.9,1772,True,5.7558,4.4556
2020,POLONIA,9000121.25,1850563.59,1151,True,4.8634,4.4052
2020,RUSIA,7577942.86,1447935.04,2871,False,5.2336,3.7091
2020,CANADÁ,7413453.72,1456849.61,2695,False,5.0887,3.6286
2020,REINO UNIDO,7280078.12,1256778.87,1516,True,5.7926,3.5633
2020,COREA DEL SUR,3360447.69,621262.99,549,False,5.4091,1.6448
2020,REPÚBLICA CHECA,1540884.85,286604.89,352,True,5.3763,0.7542
2020,ALEMANIA,1216225.24,229649.93,436,True,5.296,0.5953
2020,UCRANIA,1193905.18,292031.0,128,False,4.0883,0.5844
2020,AUSTRALIA,1026324.91,191769.25,348,False,5.3519,0.5023
2020,FINLANDIA,1015994.9,97439.5,47,True,10.4269,0.4973
2020,ITALIA,960505.38,142774.7,190,True,6.7274,0.4701
2020,PANAMÁ,849502.24,163691.4,324,False,5.1897,0.4158
2020,NORUEGA,762311.93,76579.0,63,False,9.9546,0.3731
2020,LITUANIA,660318.42,133508.0,203,True,4.9459,0.3232
2020,TAIWÁN,640221.94,126783.0,112,False,5.0497,0.3134
2020,ISRAEL,586019.06,80916.0,126,False,7.2423,0.2868
2020,HUNGRÍA,523629.22,102116.0,68,True,5.1278,0.2563
2020,SUECIA,399814.57,64693.02,117,True,6.1802,0.1957
2020,AUSTRIA,332995.8,55731.0,46,True,5.9751,0.163
2020,BIELORRUSIA (BELARÚS),270552.72,66329.1,165,False,4.0789,0.1324
2020,FRANCIA,265646.42,60530.5,119,True,4.3886,0.13
2020,ISLAS VÍRGENES BRITÁNICAS,255806.52,55359.0,64,False,4.6209,0.1252
2020,EMIRATOS ÁRABES UNIDOS,252689.58,44866.8,120,False,5.632,0.1237
2020,ECUADOR,206075.59,44868.0,74,False,4.5929,0.1009
2020,PUERTO RICO,195959.54,29745.74,274,False,6.5878,0.0959
2020,CHINA,182592.88,31811.82,257,False,5.7398,0.0894
2020,KAZAJSTÁN,168479.8,30334.83,170,False,5.554,0.0825
2020,SUIZA,135339.75,31754.97,56,False,4.262,0.0662
2020,KUWAIT,94820.39,15911.07,75,False,5.9594,0.0464
2020,LETONIA,87469.31,14126.5,65,True,6.1919,0.0428
2020,IRLANDA,85818.12,35233.6,34,True,2.4357,0.042
2020,CURAZAO,81826.73,17277.55,124,False,4.736,0.0401
2020,BULGARIA,75816.0,12847.49,8,True,5.9012,0.0371
2020,HONG KONG,70625.06,12110.0,72,False,5.832,0.0346
2020,REPÚBLICA DOMINICANA,65353.66,10081.25,85,False,6.4827,0.032
2020,JAMAICA,59130.48,11634.46,104,False,5.0824,0.0289
2020,TRINIDAD Y TOBAGO,51834.72,6803.81,134,False,7.6185,0.0254
2020,URUGUAY,43821.5,5958.0,27,False,7.3551,0.0214
2020,ARGENTINA,42222.2,7532.85,14,False,5.6051,0.0207
2020,ESLOVAQUIA,42008.05,6243.0,25,True,6.7288,0.0206
2020,RUMANIA,41103.78,8661.5,31,True,4.7456,0.0201
2020,GUADALUPE,36665.79,4380.95,49,False,8.3694,0.0179
2020,SINGAPUR,34797.66,6186.5,31,False,5.6248,0.017
2020,ARUBA,31583.96,4077.51,46,False,7.7459,0.0155
2020,BAHRÉIN,23491.29,5755.7,24,False,4.0814,0.0115
2020,MARTINICA,22806.47,2791.06,50,False,8.1713,0.0112
2020,CROACIA,21217.5,4229.0,15,True,5.0171,0.0104
2020,CHILE,21163.44,2388.0,75,False,8.8624,0.0104
2020,FILIPINAS,18918.5,3259.0,6,False,5.805,0.0093
2020,ISLAS VÍRGENES (EE.UU.),15980.37,1426.77,13,False,11.2004,0.0078
2020,COSTA RICA,10530.0,1750.0,16,False,6.0171,0.0052
2020,ARABIA SAUDITA,7081.53,1373.98,22,False,5.154,0.0035
2020,VIETNAM,5723.0,1086.0,14,False,5.2698,0.0028
2020,MALASIA,4164.3,424.0,13,False,9.8215,0.002
2020,GUAM,4008.54,1021.0,33,False,3.9261,0.002
2020,INDONESIA,3856.6,711.0,16,False,5.4242,0.0019
2020,ESTONIA,2160.0,171.0,2,True,12.6316,0.0011
2020,MONTENEGRO,1547.5,311.0,8,False,4.9759,0.0008
2020,COREA DEL NORTE,1377.0,227.0,1,False,6.0661,0.0007
2020,GUYANA,955.25,91.45,5,False,10.4456,0.0005
2020,KIRGUISTÁN,740.5,160.0,4,False,4.6281,0.0004
2020,GRANADA,493.35,28.66,2,False,17.2139,0.0002
2020,ANTIGUA Y BARBUDA,337.6,46.06,5,False,7.3296,0.0002
2020,HONDURAS,280.0,49.0,1,False,5.7143,0.0001
2020,SAN CRISTÓBAL Y NIEVES,263.21,67.0,5,False,3.9285,0.0001
2020,BAHAMAS,244.4,33.84,3,False,7.2222,0.0001
2020,ESLOVENIA,238.06,12.0,1,True,19.8383,0.0001
2020,SERBIA,180.0,27.0,1,False,6.6667,0.0001
2020,TAILANDIA,171.8,51.0,4,False,3.3686,0.0001
2020,MOLDAVIA,156.0,27.0,3,False,5.7778,0.0001
2020,BOSNIA Y HERZEGOVINA,112.0,23.0,1,False,4.8696,0.0001
2020,MÉXICO,101.5,20.0,1,False,5.075,0.0
2020,BRASIL,24.25,86.0,3,False,0.282,0.0
2020,QATAR,2.5,7.0,1,False,0.3571,0.0
2021,ESTADOS UNIDOS,102681366.62,22380888.57,14379,False,4.5879,40.1204
2021,JAPÓN,43755996.25,7603960.52,3515,False,5.7544,17.0966
2021,PAÍSES BAJOS,28001703.87,5697545.6,2698,True,4.9147,10.941
2021,POLONIA,14646405.07,2847763.57,1341,True,5.1431,5.7227
2021,CANADÁ,11639234.94,2239797.31,3363,False,5.1966,4.5478
2021,RUSIA,11332653.52,1862240.39,3370,False,6.0855,4.428
2021,ESPAÑA,11117352.54,2034793.7,1804,True,5.4636,4.3438
2021,REINO UNIDO,8945048.35,1649965.66,1502,True,5.4214,3.4951
2021,COREA DEL SUR,4614657.86,842195.36,933,False,5.4793,1.8031
2021,REPÚBLICA CHECA,1824729.47,358078.59,405,True,5.0959,0.713
2021,ITALIA,1602999.85,279266.89,202,True,5.74,0.6263
2021,ALEMANIA,1361946.26,266823.01,433,True,5.1043,0.5321
2021,FINLANDIA,1313774.45,262340.46,50,True,5.0079,0.5133
2021,UCRANIA,1305833.74,295404.49,200,False,4.4205,0.5102
2021,EMIRATOS ÁRABES UNIDOS,1072326.2,190962.95,318,False,5.6154,0.419
2021,HUNGRÍA,976554.34,193290.01,174,True,5.0523,0.3816
2021,AUSTRALIA,938252.42,173297.37,291,False,5.4141,0.3666
2021,NORUEGA,794320.19,81671.29,59,False,9.7258,0.3104
2021,ISRAEL,775880.22,149256.12,150,False,5.1983,0.3032
2021,TAIWÁN,680099.78,130904.0,119,False,5.1954,0.2657
2021,PANAMÁ,637249.97,120125.91,341,False,5.3049,0.249
2021,ECUADOR,596779.52,108619.72,100,False,5.4942,0.2332
2021,BIELORRUSIA (BELARÚS),521732.71,53526.49,176,False,9.7472,0.2039
2021,AUSTRIA,475440.0,89340.53,49,True,5.3217,0.1858
2021,FRANCIA,434442.39,89001.28,144,True,4.8813,0.1697
2021,SUECIA,395342.14,69367.69,109,True,5.6992,0.1545
2021,CHILE,346470.03,48820.96,205,False,7.0967,0.1354
2021,KAZAJSTÁN,303005.97,52127.43,194,False,5.8128,0.1184
2021,PUERTO RICO,279046.6,36117.12,324,False,7.7262,0.109
2021,COREA DEL NORTE,270093.6,39880.0,13,False,6.7727,0.1055
2021,CHINA,257536.26,41202.66,286,False,6.2505,0.1006
2021,SUIZA,219341.22,52942.98,77,False,4.143,0.0857
2021,BULGARIA,211601.5,35114.99,16,True,6.026,0.0827
2021,KUWAIT,204288.42,28458.53,98,False,7.1785,0.0798
2021,SINGAPUR,142976.75,29789.66,82,False,4.7995,0.0559
2021,REPÚBLICA DOMINICANA,133552.23,16526.65,106,False,8.081,0.0522
2021,IRLANDA,129734.1,34115.6,66,True,3.8028,0.0507
2021,LETONIA,94631.34,15934.0,65,True,5.939,0.037
2021,COSTA RICA,89025.5,16399.0,30,False,5.4287,0.0348
2021,TRINIDAD Y TOBAGO,80513.16,9909.5,159,False,8.1248,0.0315
2021,JAMAICA,72840.26,14128.8,118,False,5.1554,0.0285
2021,CURAZAO,66864.66,10632.01,196,False,6.289,0.0261
2021,ISLAS VÍRGENES BRITÁNICAS,64384.02,12936.0,29,False,4.9771,0.0252
2021,RUMANIA,63054.55,12490.17,33,True,5.0483,0.0246
2021,GUADALUPE,58629.66,6252.93,59,False,9.3763,0.0229
2021,ESTONIA,56677.0,10254.0,38,True,5.5273,0.0221
2021,MARTINICA,56352.04,5679.5,51,False,9.922,0.022
2021,ARUBA,39037.62,5403.12,82,False,7.225,0.0153
2021,HONG KONG,33826.12,4842.2,36,False,6.9857,0.0132
2021,BAHRÉIN,30197.9,6791.19,29,False,4.4466,0.0118
2021,CROACIA,23965.0,4562.0,14,True,5.2532,0.0094
2021,ESLOVAQUIA,23641.53,4689.22,27,True,5.0417,0.0092
2021,VIETNAM,19521.8,3873.0,25,False,5.0405,0.0076
2021,INDONESIA,17157.16,3030.0,35,False,5.6624,0.0067
2021,GUATEMALA,15557.35,2636.0,5,False,5.9019,0.0061
2021,URUGUAY,13596.5,1905.0,14,False,7.1373,0.0053
2021,LITUANIA,13439.45,2048.5,23,True,6.5606,0.0053
2021,GUAM,9188.74,392.5,17,False,23.4108,0.0036
2021,ARGENTINA,8664.4,1161.0,9,False,7.4629,0.0034
2021,KIRGUISTÁN,8499.0,1597.0,11,False,5.3219,0.0033
2021,MALASIA,6894.3,999.0,17,False,6.9012,0.0027
2021,AFGANISTAN,4427.5,404.0,12,False,10.9592,0.0017
2021,TAILANDIA,4030.28,383.0,13,False,10.5229,0.0016
2021,ISLAS VÍRGENES (EE.UU.),3941.13,334.54,10,False,11.7807,0.0015
2021,MOLDAVIA,3042.5,482.0,3,False,6.3122,0.0012
2021,QATAR,2159.32,296.5,9,False,7.2827,0.0008
2021,BRASIL,1899.55,379.0,2,False,5.012,0.0007
2021,BOSNIA Y HERZEGOVINA,1725.0,318.5,8,False,5.416,0.0007
2021,BAHAMAS,1437.21,161.0,12,False,8.9268,0.0006
2021,GRANADA,1263.11,102.08,8,False,12.3737,0.0005
2021,MONTENEGRO,1080.0,337.0,5,False,3.2047,0.0004
2021,ARABIA SAUDITA,769.7,156.5,2,False,4.9182,0.0003
2021,ESLOVENIA,722.3,43.0,2,True,16.7977,0.0003
2021,DINAMARCA,292.09,65.0,8,True,4.4937,0.0001
2021,GUYANA,211.89,18.0,2,False,11.7717,0.0001
2021,SANTA LUCÍA,155.13,18.0,2,False,8.6183,0.0001
2021,GUAYANA FRANCESA,72.0,5.0,2,False,14.4,0.0
2021,SAN CRISTÓBAL Y NIEVES,68.0,8.0,1,False,8.5,0.0
2022,ESTADOS UNIDOS,111298008.91,21707910.15,14299,False,5.1271,40.4783
2022,JAPÓN,47178105.65,7865411.62,3332,False,5.9982,17.1583
2022,PAÍSES BAJOS,29909340.96,5627869.98,2888,True,5.3145,10.8778
2022,POLONIA,15137824.93,2726273.37,1420,True,5.5526,5.5055
2022,ESPAÑA,13905656.91,2381690.9,2070,True,5.8386,5.0574
2022,CANADÁ,11164578.09,2036791.07,3335,False,5.4815,4.0605
2022,REINO UNIDO,9076823.11,1507621.67,1530,True,6.0206,3.3012
2022,COREA DEL SUR,7539001.17,1184266.9,1240,False,6.366,2.7419
2022,RUSIA,7317497.66,1222533.37,2086,False,5.9855,2.6613
2022,KAZAJSTÁN,2178743.37,356167.71,1007,False,6.1172,0.7924
2022,REPÚBLICA CHECA,2103000.39,374506.5,484,True,5.6154,0.7648
2022,EMIRATOS ÁRABES UNIDOS,1561393.25,281944.04,383,False,5.538,0.5679
2022,ALEMANIA,1521951.33,279552.61,499,True,5.4442,0.5535
2022,UCRANIA,1401775.05,271450.5,161,False,5.164,0.5098
2022,BIELORRUSIA (BELARÚS),1362248.64,114895.4,327,False,11.8564,0.4954
2022,ITALIA,1335808.72,222748.94,269,True,5.9969,0.4858
2022,FINLANDIA,1140087.23,198251.12,68,True,5.7507,0.4146
2022,HUNGRÍA,998866.76,181350.0,221,True,5.508,0.3633
2022,AUSTRALIA,898630.76,142279.73,214,False,6.3159,0.3268
2022,TAIWÁN,810581.65,138873.5,137,False,5.8368,0.2948
2022,ISRAEL,649557.46,110596.35,115,False,5.8732,0.2362
2022,ECUADOR,609313.13,90129.15,112,False,6.7604,0.2216
2022,PANAMÁ,571846.58,81295.99,334,False,7.0341,0.208
2022,IRLANDA,567685.8,63226.84,95,True,8.9786,0.2065
2022,NORUEGA,482476.06,69932.0,61,False,6.8992,0.1755
2022,FRANCIA,465657.29,87690.2,184,True,5.3103,0.1694
2022,CHILE,382616.76,67085.97,182,False,5.7034,0.1392
2022,AUSTRIA,344973.0,63313.0,48,True,5.4487,0.1255
2022,PUERTO RICO,311268.43,38929.35,357,False,7.9957,0.1132
2022,SUECIA,307006.2,49760.36,87,True,6.1697,0.1117
2022,SUIZA,220964.65,49188.99,68,False,4.4922,0.0804
2022,KUWAIT,201622.47,25583.53,96,False,7.8809,0.0733
2022,GEORGIA,193805.25,32445.0,11,False,5.9733,0.0705
2022,CHINA,181583.95,29996.75,199,False,6.0535,0.066
2022,REPÚBLICA DOMINICANA,141385.23,23896.57,134,False,5.9165,0.0514
2022,LETONIA,136183.96,29032.5,56,True,4.6907,0.0495
2022,CURAZAO,132760.47,20955.0,176,False,6.3355,0.0483
2022,COSTA RICA,113980.21,19283.0,50,False,5.9109,0.0415
2022,SINGAPUR,102344.01,16231.51,85,False,6.3053,0.0372
2022,ESTONIA,99776.91,17430.5,67,True,5.7243,0.0363
2022,JAMAICA,97443.42,14985.0,145,False,6.5027,0.0354
2022,TURQUÍA,88505.66,16068.0,31,False,5.5082,0.0322
2022,VIETNAM,86627.88,12602.75,65,False,6.8737,0.0315
2022,HONG KONG,82636.0,5687.5,46,False,14.5294,0.0301
2022,MARTINICA,59186.19,5250.0,38,False,11.2736,0.0215
2022,COREA DEL NORTE,44760.02,6321.0,3,False,7.0812,0.0163
2022,RUMANIA,43742.91,9193.25,34,True,4.7582,0.0159
2022,TRINIDAD Y TOBAGO,43542.57,5999.42,113,False,7.2578,0.0158
2022,GUADALUPE,37940.62,4501.0,53,False,8.4294,0.0138
2022,ARUBA,37827.25,6021.4,70,False,6.2821,0.0138
2022,CROACIA,25847.5,4415.0,16,True,5.8545,0.0094
2022,INDONESIA,24344.06,4191.0,52,False,5.8087,0.0089
2022,GUATEMALA,23822.07,2686.14,7,False,8.8685,0.0087
2022,BAHRÉIN,21159.55,4498.0,25,False,4.7042,0.0077
2022,MOLDAVIA,20477.2,3505.0,11,False,5.8423,0.0074
2022,ARGENTINA,17963.6,2373.71,12,False,7.5677,0.0065
2022,MALASIA,17511.3,2333.0,29,False,7.5059,0.0064
2022,KIRGUISTÁN,15553.0,2628.0,25,False,5.9182,0.0057
2022,ISLAS VÍRGENES BRITÁNICAS,14959.07,2803.0,9,False,5.3368,0.0054
2022,QATAR,14252.86,1731.5,34,False,8.2315,0.0052
2022,ARMENIA,14134.15,2135.0,27,False,6.6202,0.0051
2022,BOSNIA Y HERZEGOVINA,12496.2,2497.5,21,False,5.0035,0.0045
2022,PERÚ,10060.12,1506.99,10,False,6.6756,0.0037
2022,ESLOVAQUIA,8756.53,2059.23,20,True,4.2523,0.0032
2022,GUAM,7608.55,550.0,14,False,13.8337,0.0028
2022,URUGUAY,5676.1,741.0,13,False,7.6601,0.0021
2022,ESLOVENIA,5005.47,1021.0,7,True,4.9025,0.0018
2022,TAILANDIA,4389.88,569.0,12,False,7.7151,0.0016
2022,UZBEKISTÁN,3525.0,714.0,6,False,4.937,0.0013
2022,MONTENEGRO,2439.0,638.0,10,False,3.8229,0.0009
2022,EL SALVADOR,2299.2,164.0,2,False,14.0195,0.0008
2022,ARABIA SAUDITA,1719.0,254.5,8,False,6.7544,0.0006
2022,FILIPINAS,1260.0,90.0,1,False,14.0,0.0005
2022,BRASIL,1231.1,182.0,7,False,6.7643,0.0004
2022,GRANADA,715.7,143.0,5,False,5.0049,0.0003
2022,BAHAMAS,666.3,91.0,5,False,7.322,0.0002
2022,GRECIA,493.2,45.0,1,True,10.96,0.0002
2022,DINAMARCA,109.22,33.0,3,True,3.3097,0.0
2022,MALDIVAS,102.0,9.0,1,False,11.3333,0.0
2022,KENIA,16.61,85.0,3,False,0.1954,0.0
2023,ESTADOS UNIDOS,114807592.13,20310199.16,14761,False,5.6527,40.3007
2023,JAPÓN,42707490.83,6763491.36,3386,False,6.3144,14.9915
2023,PAÍSES BAJOS,33146067.69,5736641.03,3319,True,5.778,11.6352
2023,POLONIA,15250720.12,2546551.69,1811,True,5.9888,5.3534
2023,ESPAÑA,14511697.56,2454724.75,2089,True,5.9117,5.094
2023,CANADÁ,10806566.65,1909748.13,3686,False,5.6586,3.7934
2023,COREA DEL SUR,9756256.36,1381503.73,1780,False,7.0621,3.4247
2023,REINO UNIDO,8518157.91,1388351.14,1461,True,6.1354,2.9901
2023,KAZAJSTÁN,7171035.15,1086831.0,2244,False,6.5981,2.5172
2023,RUSIA,4540827.04,635804.39,1020,False,7.1419,1.594
2023,EMIRATOS ÁRABES UNIDOS,3616221.34,562053.58,556,False,6.4339,1.2694
2023,REPÚBLICA CHECA,2491617.99,422784.46,618,True,5.8934,0.8746
2023,ITALIA,1702283.82,258660.21,382,True,6.5812,0.5975
2023,ALEMANIA,1487112.52,266782.18,443,True,5.5743,0.522
2023,FINLANDIA,1366166.5,181043.77,120,True,7.5461,0.4796
2023,AUSTRALIA,1278973.81,191719.99,188,False,6.6711,0.449
2023,TAIWÁN,1004430.6,137502.9,151,False,7.3048,0.3526
2023,HUNGRÍA,997280.99,151629.15,288,True,6.5771,0.3501
2023,ISRAEL,953792.72,114508.78,112,False,8.3294,0.3348
2023,BIELORRUSIA (BELARÚS),942147.85,71770.91,226,False,13.1272,0.3307
2023,UCRANIA,667965.59,106166.6,72,False,6.2917,0.2345
2023,PANAMÁ,658143.49,99398.04,362,False,6.6213,0.231
2023,NORUEGA,589695.67,78261.04,50,False,7.535,0.207
2023,ECUADOR,546673.16,73728.82,152,False,7.4146,0.1919
2023,MOLDAVIA,503041.54,50850.5,79,False,9.8926,0.1766
2023,TURQUÍA,447388.44,71272.78,125,False,6.2771,0.157
2023,FRANCIA,416606.26,73829.83,205,True,5.6428,0.1462
2023,AUSTRIA,407583.44,72393.63,88,True,5.6301,0.1431
2023,PUERTO RICO,289019.69,41274.75,332,False,7.0023,0.1015
2023,SUECIA,269700.4,47727.72,88,True,5.6508,0.0947
2023,HONG KONG,240305.3,21156.8,88,False,11.3583,0.0844
2023,SUIZA,237674.61,49068.0,72,False,4.8438,0.0834
2023,ESTONIA,220496.25,37601.5,107,True,5.864,0.0774
2023,KUWAIT,200974.19,30138.56,89,False,6.6683,0.0705
2023,LETONIA,174114.0,16663.5,72,True,10.4488,0.0611
2023,REPÚBLICA DOMINICANA,173242.67,23526.21,182,False,7.3638,0.0608
2023,GEORGIA,170897.75,25761.0,12,False,6.634,0.06
2023,IRLANDA,159188.66,32139.08,91,True,4.9531,0.0559
2023,CHINA,124092.46,20034.5,112,False,6.1939,0.0436
2023,CURAZAO,112243.1,12643.49,144,False,8.8775,0.0394
2023,KIRGUISTÁN,109127.22,10549.5,107,False,10.3443,0.0383
2023,VIETNAM,105012.88,13495.48,70,False,7.7813,0.0369
2023,JAMAICA,100520.74,16146.03,161,False,6.2257,0.0353
2023,COSTA RICA,89032.68,13495.0,40,False,6.5975,0.0313
2023,ARMENIA,81094.79,13079.27,114,False,6.2003,0.0285
2023,AZERBAIYÁN,78263.44,10704.0,16,False,7.3116,0.0275
2023,SINGAPUR,64953.93,8430.37,52,False,7.7048,0.0228
2023,CHILE,63439.24,9893.8,102,False,6.412,0.0223
2023,UZBEKISTÁN,62952.89,8369.0,32,False,7.5222,0.0221
2023,TRINIDAD Y TOBAGO,50268.83,6973.49,122,False,7.2086,0.0176
2023,GUADALUPE,44981.54,3704.0,57,False,12.144,0.0158
2023,CROACIA,44513.91,7609.0,35,True,5.8502,0.0156
2023,ARUBA,40036.99,4027.36,81,False,9.9412,0.0141
2023,ARABIA SAUDITA,39461.05,4889.0,26,False,8.0714,0.0139
2023,INDONESIA,32258.0,5356.0,80,False,6.0228,0.0113
2023,BAHRÉIN,24542.06,4362.18,27,False,5.6261,0.0086
2023,RUMANIA,24142.94,3571.84,21,True,6.7592,0.0085
2023,MARTINICA,22957.09,1274.0,28,False,18.0197,0.0081
2023,MALASIA,22564.31,3032.5,31,False,7.4408,0.0079
2023,QATAR,17629.8,3060.5,45,False,5.7604,0.0062
2023,ESLOVENIA,16488.81,2460.0,28,True,6.7028,0.0058
2023,BOSNIA Y HERZEGOVINA,14947.42,1185.0,25,False,12.6139,0.0052
2023,TAILANDIA,11782.34,1392.0,15,False,8.4643,0.0041
2023,SUDÁFRICA,10412.8,784.0,2,False,13.2816,0.0037
2023,PERÚ,8266.5,1105.0,8,False,7.481,0.0029
2023,PORTUGAL,7104.52,2307.0,8,True,3.0795,0.0025
2023,GUAM,5530.79,342.5,14,False,16.1483,0.0019
2023,TAYIKISTÁN,5501.5,840.79,6,False,6.5433,0.0019
2023,GUATEMALA,4966.88,687.16,5,False,7.2281,0.0017
2023,BRASIL,4068.7,864.0,6,False,4.7091,0.0014
2023,ARGENTINA,2569.7,355.0,5,False,7.2386,0.0009
2023,GRANADA,727.41,48.0,9,False,15.1544,0.0003
2023,NUEVA ZELANDA,431.8,25.0,3,False,17.272,0.0002
2023,MALDIVAS,428.1,50.0,7,False,8.562,0.0002
2023,MONTENEGRO,370.5,52.0,3,False,7.125,0.0001
2023,LITUANIA,262.5,42.0,1,True,6.25,0.0001
2023,SURINAM,238.3,29.5,5,False,8.078,0.0001
2023,URUGUAY,237.0,30.0,3,False,7.9,0.0001
2023,FILIPINAS,54.4,4.0,1,False,13.6,0.0
2023,JORDANIA,19.8,2.5,1,False,7.92,0.0
2023,KENIA,15.75,49.0,2,False,0.3214,0.0
2023,MÉXICO,5.0,4.0,1,False,1.25,0.0
2024,ESTADOS UNIDOS,133272862.63,22719106.87,15153,False,5.8661,41.1403
2024,JAPÓN,41974029.18,6733836.67,3309,False,6.2333,12.9571
2024,PAÍSES BAJOS,38969419.12,6547628.8,3765,True,5.9517,12.0296
2024,POLONIA,18217671.09,3169721.03,2085,True,5.7474,5.6237
2024,ESPAÑA,17737511.66,2957548.26,2416,True,5.9974,5.4754
2024,CANADÁ,12513871.11,2086342.9,3685,False,5.998,3.8629
2024,COREA DEL SUR,10335635.3,1585743.2,1844,False,6.5178,3.1905
2024,REINO UNIDO,10120424.06,1498567.25,1435,True,6.7534,3.1241
2024,KAZAJSTÁN,8891642.87,1334598.21,2500,False,6.6624,2.7448
2024,EMIRATOS ÁRABES UNIDOS,4720117.02,737408.01,706,False,6.401,1.4571
2024,RUSIA,4339291.86,676285.82,978,False,6.4164,1.3395
2024,ITALIA,2207654.29,296229.08,502,True,7.4525,0.6815
2024,REPÚBLICA CHECA,2188098.4,362541.09,544,True,6.0354,0.6754
2024,FINLANDIA,1761605.75,240355.72,136,True,7.3292,0.5438
2024,ISRAEL,1630760.28,197188.69,107,False,8.27,0.5034
2024,ALEMANIA,1373140.95,234878.34,431,True,5.8462,0.4239
2024,HUNGRÍA,1249668.83,192716.74,318,True,6.4845,0.3858
2024,PANAMÁ,1119498.12,170827.72,456,False,6.5534,0.3456
2024,TAIWÁN,1075112.85,176787.0,142,False,6.0814,0.3319
2024,AUSTRALIA,880652.15,125134.18,231,False,7.0377,0.2719
2024,ECUADOR,849791.45,113332.97,270,False,7.4982,0.2623
2024,NORUEGA,679600.7,89696.8,68,False,7.5766,0.2098
2024,UCRANIA,653669.2,151114.0,40,False,4.3257,0.2018
2024,MOLDAVIA,652051.19,100384.5,97,False,6.4955,0.2013
2024,TURQUÍA,595933.97,98056.5,126,False,6.0775,0.184
2024,CHINA,595086.61,96439.2,186,False,6.1706,0.1837
2024,ESTONIA,506479.9,89774.35,120,True,5.6417,0.1563
2024,AUSTRIA,457569.6,81474.29,111,True,5.6161,0.1412
2024,FRANCIA,405794.37,72222.92,237,True,5.6186,0.1253
2024,SUECIA,400179.12,49094.86,87,True,8.1511,0.1235
2024,PUERTO RICO,363591.87,54447.46,399,False,6.6778,0.1122
2024,BIELORRUSIA (BELARÚS),303817.32,23182.54,115,False,13.1054,0.0938
2024,KIRGUISTÁN,275029.6,27679.0,138,False,9.9364,0.0849
2024,HONG KONG,263962.39,20073.0,63,False,13.1501,0.0815
2024,SUIZA,255456.15,56917.0,92,False,4.4882,0.0789
2024,KUWAIT,205691.38,31792.5,83,False,6.4698,0.0635
2024,REPÚBLICA DOMINICANA,177143.99,29081.27,185,False,6.0913,0.0547
2024,LETONIA,130237.46,14738.5,45,True,8.8365,0.0402
2024,SINGAPUR,126411.14,13451.0,52,False,9.3979,0.039
2024,GEORGIA,118569.25,21720.0,16,False,5.459,0.0366
2024,AZERBAIYÁN,116631.08,20713.0,30,False,5.6308,0.036
2024,JAMAICA,103303.65,16448.5,155,False,6.2804,0.0319
2024,CURAZAO,99659.82,11656.0,124,False,8.5501,0.0308
2024,ARMENIA,96289.13,14886.0,104,False,6.4684,0.0297
2024,BULGARIA,86729.6,24382.94,28,True,3.557,0.0268
2024,VIETNAM,85649.8,12508.25,55,False,6.8475,0.0264
2024,MARTINICA,81088.7,9432.5,51,False,8.5967,0.025
2024,TRINIDAD Y TOBAGO,74934.88,8275.29,143,False,9.0553,0.0231
2024,IRLANDA,62598.95,23243.8,77,True,2.6931,0.0193
2024,CHILE,61656.42,9603.0,83,False,6.4205,0.019
2024,GUADALUPE,50993.6,5042.5,59,False,10.1128,0.0157
2024,RUMANIA,43969.26,7924.0,35,True,5.5489,0.0136
2024,ARUBA,38088.8,4736.9,87,False,8.0409,0.0118
2024,INDONESIA,37454.79,5464.5,59,False,6.8542,0.0116
2024,PORTUGAL,36677.18,11409.5,30,True,3.2146,0.0113
2024,ESLOVAQUIA,31426.8,5030.0,22,True,6.2479,0.0097
2024,MALASIA,26634.26,3115.5,29,False,8.549,0.0082
2024,BRASIL,24654.3,3511.34,20,False,7.0213,0.0076
2024,BAHRÉIN,22290.96,4144.0,20,False,5.3791,0.0069
2024,QATAR,22066.08,3793.75,25,False,5.8164,0.0068
2024,ESLOVENIA,20467.63,5295.0,34,True,3.8655,0.0063
2024,BOSNIA Y HERZEGOVINA,19312.23,1800.0,27,False,10.729,0.006
2024,CROACIA,15736.4,2599.0,29,True,6.0548,0.0049
2024,BÉLGICA,15126.75,1065.0,5,True,14.2035,0.0047
2024,COSTA RICA,14697.52,2102.0,8,False,6.9922,0.0045
2024,SERBIA,10517.43,1817.19,24,False,5.7877,0.0032
2024,SUDÁFRICA,8823.61,1038.0,2,False,8.5006,0.0027
2024,ANDORRA,8114.0,1247.0,12,False,6.5068,0.0025
2024,ARGENTINA,5551.7,538.0,8,False,10.3191,0.0017
2024,GUATEMALA,4718.64,456.71,6,False,10.3318,0.0015
2024,TAILANDIA,4588.95,530.0,10,False,8.6584,0.0014
2024,ISLAS VÍRGENES BRITÁNICAS,4343.5,534.0,16,False,8.1339,0.0013
2024,ARABIA SAUDITA,3494.83,728.73,21,False,4.7958,0.0011
2024,UZBEKISTÁN,3294.6,524.0,3,False,6.2874,0.001
2024,GUAM,3223.3,197.5,9,False,16.3205,0.001
2024,PERÚ,2615.84,459.0,5,False,5.699,0.0008
2024,SURINAM,1755.75,94.0,10,False,18.6782,0.0005
2024,ISLAS VÍRGENES (EE.UU.),1439.13,67.0,5,False,21.4796,0.0004
2024,NUEVA ZELANDA,525.2,42.5,4,False,12.3576,0.0002
2024,GRANADA,504.05,16.0,3,False,31.5031,0.0002
2024,NICARAGUA,322.24,94.0,8,False,3.4281,0.0001
2024,BAHAMAS,115.0,4.0,1,False,28.75,0.0
2024,ALBANIA,70.0,4.0,1,False,17.5,0.0
2024,URUGUAY,69.0,8.0,1,False,8.625,0.0
2024,FILIPINAS,67.0,7.5,2,False,8.9333,0.0
2024,KENIA,11.8,29.0,2,False,0.4069,0.0
2024,OMÁN,10.0,27.0,1,False,0.3704,0.0
2025,ESTADOS UNIDOS,137319547.74,22761915.41,15898,False,6.0329,40.6957
2025,JAPÓN,43037977.73,6702481.44,3639,False,6.4212,12.7546
2025,PAÍSES BAJOS,41415423.07,6134503.85,4421,True,6.7512,12.2738
2025,ESPAÑA,22736343.13,3543599.25,2987,True,6.4162,6.7381
2025,POLONIA,20277109.12,3286290.69,2428,True,6.1702,6.0093
2025,CANADÁ,12425799.46,1982344.94,3805,False,6.2682,3.6825
2025,COREA DEL SUR,10412703.81,1576357.07,2137,False,6.6055,3.0859
2025,REINO UNIDO,9607210.66,1386615.86,1404,True,6.9285,2.8472
2025,KAZAJSTÁN,8025675.21,1117764.6,2112,False,7.1801,2.3785
2025,EMIRATOS ÁRABES UNIDOS,5592425.57,825240.18,780,False,6.7767,1.6574
2025,RUSIA,3319643.93,461070.98,827,False,7.1999,0.9838
2025,ITALIA,2384988.09,312510.87,548,True,7.6317,0.7068
2025,REPÚBLICA CHECA,1901004.94,308936.49,545,True,6.1534,0.5634
2025,FINLANDIA,1616950.15,195388.88,140,True,8.2755,0.4792
2025,ISRAEL,1550515.28,144257.15,100,False,10.7483,0.4595
2025,HUNGRÍA,1520065.69,213550.54,397,True,7.1181,0.4505
2025,PANAMÁ,1354586.43,190468.18,545,False,7.1119,0.4014
2025,ALEMANIA,1249792.33,200495.18,378,True,6.2335,0.3704
2025,TAIWÁN,1103360.81,174378.5,138,False,6.3274,0.327
2025,CHINA,1045820.95,160227.0,174,False,6.5271,0.3099
2025,AUSTRALIA,837602.9,112961.85,198,False,7.4149,0.2482
2025,ESTONIA,723893.68,120045.5,125,True,6.0302,0.2145
2025,MOLDAVIA,708352.02,100092.08,108,False,7.077,0.2099
2025,UCRANIA,570277.35,115290.87,52,False,4.9464,0.169
2025,ECUADOR,570053.3,61290.34,228,False,9.3009,0.1689
2025,FRANCIA,522776.15,107679.6,291,True,4.8549,0.1549
2025,AUSTRIA,459688.8,70548.56,117,True,6.5159,0.1362
2025,BIELORRUSIA (BELARÚS),380784.63,41379.03,112,False,9.2024,0.1128
2025,PUERTO RICO,362757.07,55815.74,404,False,6.4992,0.1075
2025,SUECIA,341372.27,39403.55,68,True,8.6635,0.1012
2025,HONG KONG,333591.43,31483.0,54,False,10.5959,0.0989
2025,KUWAIT,308538.37,27638.47,82,False,11.1634,0.0914
2025,UZBEKISTÁN,273769.6,39041.0,44,False,7.0124,0.0811
2025,NORUEGA,254316.6,37824.0,48,False,6.7237,0.0754
2025,BULGARIA,244235.75,55629.38,57,True,4.3904,0.0724
2025,SUIZA,211993.92,39282.99,111,False,5.3966,0.0628
2025,REPÚBLICA DOMINICANA,210202.81,32928.68,194,False,6.3836,0.0623
2025,LETONIA,165678.7,13099.38,30,True,12.6478,0.0491
2025,TURQUÍA,156874.29,20166.1,93,False,7.7791,0.0465
2025,KIRGUISTÁN,138968.7,16913.5,143,False,8.2164,0.0412
2025,ARGENTINA,119014.26,11834.29,48,False,10.0567,0.0353
2025,PORTUGAL,113732.04,21814.5,53,True,5.2136,0.0337
2025,IRLANDA,104975.67,25177.82,76,True,4.1694,0.0311
2025,MAURICIO,104739.6,15951.25,20,False,6.5662,0.031
2025,MARTINICA,104539.42,10809.35,52,False,9.6712,0.031
2025,CURAZAO,103984.42,14769.98,128,False,7.0403,0.0308
2025,TRINIDAD Y TOBAGO,97945.31,12559.9,163,False,7.7983,0.029
2025,JAMAICA,94713.6,14795.5,167,False,6.4015,0.0281
2025,SERBIA,94341.68,10271.48,52,False,9.1848,0.028
2025,SINGAPUR,84912.75,10251.0,42,False,8.2834,0.0252
2025,GUADALUPE,81987.43,8604.58,68,False,9.5283,0.0243
2025,CHILE,76001.63,11737.65,93,False,6.475,0.0225
2025,VIETNAM,59762.52,8797.5,53,False,6.7931,0.0177
2025,RUMANIA,53009.19,9209.0,32,True,5.7562,0.0157
2025,AZERBAIYÁN,41106.03,6706.0,24,False,6.1297,0.0122
2025,ARMENIA,40146.18,3722.07,64,False,10.786,0.0119
2025,ARABIA SAUDITA,39586.02,3837.18,21,False,10.3164,0.0117
2025,ARUBA,39257.96,4435.78,86,False,8.8503,0.0116
2025,BÉLGICA,38500.45,2861.25,19,True,13.4558,0.0114
2025,ESLOVAQUIA,38318.66,6499.0,24,True,5.8961,0.0114
2025,BRASIL,31942.64,6739.5,38,False,4.7396,0.0095
2025,INDONESIA,24532.98,3573.0,42,False,6.8662,0.0073
2025,CROACIA,23850.5,3753.0,32,True,6.355,0.0071
2025,GEORGIA,21079.33,1654.63,10,False,12.7396,0.0062
2025,HONG KONG REGIÓN ADMINISTRATIVA ESPECIAL DE (CHINA),19366.46,1745.0,4,False,11.0983,0.0057
2025,BAHRÉIN,17665.22,2708.0,15,False,6.5233,0.0052
2025,QATAR,17492.4,2484.75,43,False,7.0399,0.0052
2025,BOSNIA Y HERZEGOVINA,15278.09,2052.0,29,False,7.4455,0.0045
2025,ESLOVENIA,14000.96,3410.43,31,True,4.1053,0.0041
2025,ANDORRA,10766.5,1513.64,17,False,7.113,0.0032
2025,COSTA RICA,10503.27,1532.06,15,False,6.8557,0.0031
2025,SURINAM,4248.0,273.23,12,False,15.5473,0.0013
2025,GUAM,3873.45,225.0,13,False,17.2153,0.0011
2025,OMÁN,3500.0,714.0,4,False,4.902,0.001
2025,ISLAS VÍRGENES BRITÁNICAS,2709.0,296.0,12,False,9.152,0.0008
2025,MALASIA,1284.4,211.0,5,False,6.0872,0.0004
2025,KENIA,1280.0,332.0,2,False,3.8554,0.0004
2025,URUGUAY,762.0,60.0,3,False,12.7,0.0002
2025,NUEVA ZELANDA,674.4,72.5,4,False,9.3021,0.0002
2025,PERÚ,489.6,50.0,1,False,9.792,0.0001
2025,NICARAGUA,400.08,91.0,4,False,4.3965,0.0001
2025,ISLAS VÍRGENES (EE.UU.),350.0,4.0,1,False,87.5,0.0001
2025,INDIA,180.0,8.0,1,False,22.5,0.0001
2025,BAHAMAS,162.0,8.0,2,False,20.25,0.0
2025,GUYANA,138.32,34.0,5,False,4.0682,0.0
2025,GUATEMALA,42.0,5.0,1,False,8.4,0.0
2025,TAILANDIA,30.0,20.0,1,False,1.5,0.0
2025,GRECIA,1.6,0.5,1,True,3.2,0.0
2026,ESTADOS UNIDOS,77704590.26,12366948.06,8524,False,6.2832,41.1939
2026,PAÍSES BAJOS,24770663.96,3172070.67,2803,True,7.809,13.1318
2026,JAPÓN,21279665.4,3176654.44,1783,False,6.6988,11.2811
2026,POLONIA,14203193.62,2087995.63,1319,True,6.8023,7.5296
2026,ESPAÑA,10652250.48,1592773.96,1564,True,6.6879,5.6471
2026,CANADÁ,7593497.05,1199580.17,2250,False,6.3301,4.0256
2026,COREA DEL SUR,7105360.86,1035764.34,1316,False,6.86,3.7668
2026,REINO UNIDO,5177955.33,666563.85,711,True,7.7681,2.745
2026,EMIRATOS ÁRABES UNIDOS,2899796.93,288971.81,378,False,10.0349,1.5373
2026,KAZAJSTÁN,2545601.45,299615.46,931,False,8.4962,1.3495
2026,ITALIA,1380226.18,159852.81,284,True,8.6344,0.7317
2026,RUSIA,1211388.17,159985.79,341,False,7.5718,0.6422
2026,REPÚBLICA CHECA,992159.73,149421.27,251,True,6.64,0.526
2026,PANAMÁ,914592.67,130829.71,289,False,6.9907,0.4849
2026,FINLANDIA,890105.4,95293.44,83,True,9.3407,0.4719
2026,CHINA,794243.18,68850.73,99,False,11.5357,0.4211
2026,HUNGRÍA,786752.08,107139.51,197,True,7.3432,0.4171
2026,ISRAEL,683452.89,68766.69,61,False,9.9387,0.3623
2026,ALEMANIA,663828.64,94903.59,206,True,6.9948,0.3519
2026,AUSTRALIA,648558.04,78275.16,136,False,8.2856,0.3438
2026,TAIWÁN,564078.34,81458.24,75,False,6.9248,0.299
2026,UZBEKISTÁN,515876.55,51760.84,54,False,9.9665,0.2735
2026,MOLDAVIA,425092.63,61255.7,53,False,6.9396,0.2254
2026,FRANCIA,276491.37,52971.42,151,True,5.2196,0.1466
2026,UCRANIA,269980.83,45516.48,71,False,5.9315,0.1431
2026,ECUADOR,268667.13,36053.16,78,False,7.452,0.1424
2026,NORUEGA,261404.07,25038.0,24,False,10.4403,0.1386
2026,AUSTRIA,252841.79,36506.59,62,True,6.9259,0.134
2026,SUECIA,208430.0,20546.78,38,True,10.1442,0.1105
2026,MAURICIO,198810.93,31458.5,38,False,6.3198,0.1054
2026,REPÚBLICA DOMINICANA,191486.03,32076.5,119,False,5.9697,0.1015
2026,PUERTO RICO,184061.77,29066.59,175,False,6.3324,0.0976
2026,BIELORRUSIA (BELARÚS),182340.94,29342.15,43,False,6.2143,0.0967
2026,KUWAIT,158663.8,11754.75,35,False,13.4978,0.0841
2026,ESTONIA,155047.45,14328.36,66,True,10.821,0.0822
2026,TURQUÍA,142848.16,18015.88,57,False,7.929,0.0757
2026,SINGAPUR,130126.28,20206.49,28,False,6.4398,0.069
2026,LETONIA,124135.95,4977.0,15,True,24.9419,0.0658
2026,KIRGUISTÁN,116140.3,15409.48,85,False,7.5369,0.0616
2026,HONG KONG,96519.96,6991.7,16,False,13.8049,0.0512
2026,PORTUGAL,86499.07,19317.9,27,True,4.4777,0.0459
2026,BULGARIA,82912.95,19906.0,27,True,4.1652,0.044
2026,SUIZA,79764.74,12798.87,56,False,6.2322,0.0423
2026,TRINIDAD Y TOBAGO,71599.38,10500.12,86,False,6.8189,0.038
2026,SERBIA,71407.23,9819.5,23,False,7.272,0.0379
2026,ARGENTINA,51336.33,4907.0,29,False,10.4619,0.0272
2026,CHILE,48846.27,6588.77,57,False,7.4136,0.0259
2026,CURAZAO,45945.08,5359.2,59,False,8.5731,0.0244
2026,GUADALUPE,44015.85,2404.97,34,False,18.302,0.0233
2026,ARABIA SAUDITA,42863.95,5087.5,29,False,8.4253,0.0227
2026,RUMANIA,40435.3,7908.4,18,True,5.113,0.0214
2026,JAMAICA,33460.33,5787.5,74,False,5.7815,0.0177
2026,MARTINICA,30040.23,2676.63,30,False,11.2232,0.0159
2026,VIETNAM,29335.4,4063.88,26,False,7.2186,0.0156
2026,GEORGIA,26778.72,1640.0,14,False,16.3285,0.0142
2026,IRLANDA,26640.61,14390.0,39,True,1.8513,0.0141
2026,AZERBAIYÁN,23906.0,3668.0,14,False,6.5174,0.0127
2026,ESLOVAQUIA,20195.8,3053.0,12,True,6.6151,0.0107
2026,BRASIL,19922.34,4107.4,21,False,4.8504,0.0106
2026,ARMENIA,19704.73,1554.57,22,False,12.6754,0.0104
2026,QATAR,18992.24,2487.5,35,False,7.6351,0.0101
2026,ARUBA,18164.78,2843.66,53,False,6.3878,0.0096
2026,BÉLGICA,17493.75,2907.1,9,True,6.0176,0.0093
2026,KENIA,15090.4,1925.0,11,False,7.8392,0.008
2026,CROACIA,10979.59,1771.75,19,True,6.197,0.0058
2026,BAHRÉIN,9725.5,1219.4,8,False,7.9756,0.0052
2026,ESLOVENIA,4306.92,1607.0,14,True,2.6801,0.0023
2026,GUAM,3901.81,187.5,7,False,20.8097,0.0021
2026,COSTA RICA,3651.4,1036.0,7,False,3.5245,0.0019
2026,BOSNIA Y HERZEGOVINA,3158.0,481.0,11,False,6.5655,0.0017
2026,INDONESIA,2334.58,232.5,7,False,10.0412,0.0012
2026,SURINAM,1735.2,186.83,6,False,9.2876,0.0009
2026,ANDORRA,1396.0,220.99,4,False,6.317,0.0007
2026,ISLAS VÍRGENES BRITÁNICAS,901.0,92.5,5,False,9.7405,0.0005
2026,GUYANA,639.68,118.0,8,False,5.421,0.0003
2026,URUGUAY,623.0,86.0,4,False,7.2442,0.0003
2026,GRECIA,608.0,97.5,1,True,6.2359,0.0003
2026,MALASIA,447.9,59.5,3,False,7.5277,0.0002
2026,NICARAGUA,246.8,78.0,4,False,3.1641,0.0001
2026,GUAYANA FRANCESA,200.7,15.0,2,False,13.38,0.0001
2026,MÉXICO,188.52,12.0,1,False,15.71,0.0001
2026,FILIPINAS,40.0,20.0,2,False,2.0,0.0
2026,NUEVA ZELANDA,23.8,34.0,1,False,0.7,0.0
