reporterCd,reporterLabel,partnerCd,partnerLabel,productCd,productLabel,Value (kUSD),Balance (kUSD),Quantity,Quantity Unit,Unit Value,Unit Value Unit,Share World (%),Growth Value 5Y (%),Growth Value 2Y (%),Growth Quantity 5Y (%),Distance (km),Concentration
000,Mundo,000,Mundo,060312,"Claveles ""flores y capullos"", cortados para ramos o adornos, frescos",773861,-101507,0.000,No medida,,,100,3,11,,5693,0.3862
842,Estados Unidos de América,000,Mundo,060312,"Claveles ""flores y capullos"", cortados para ramos o adornos, frescos",204580,-203687,862525919.000,Unidad,0.2371870751863168067880404183,USD/Unidad,26.4363,8,6,6,4108,0.9721
528,Países Bajos,000,Mundo,060312,"Claveles ""flores y capullos"", cortados para ramos o adornos, frescos",115115,45670,17614.000,Toneladas,6535.4263653911661178607925514,USD/Toneladas,14.87541,-1,9,-9,6046,0.3176
392,Japón,000,Mundo,060312,"Claveles ""flores y capullos"", cortados para ramos o adornos, frescos",95688,-95675,11326.000,Toneladas,8448.525516510683383365707222,USD/Toneladas,12.36501,-2,1,1,11598,0.5433
616,Polonia,000,Mundo,060312,"Claveles ""flores y capullos"", cortados para ramos o adornos, frescos",62514,-59420,10773.000,Toneladas,5802.8404344193817878028404344,USD/Toneladas,8.078192,15,30,13,5443,0.4294
826,Reino Unido,000,Mundo,060312,"Claveles ""flores y capullos"", cortados para ramos o adornos, frescos",51502,-51373,7766.000,Toneladas,6631.7280453257790368271954674,USD/Toneladas,6.655182,-4,5,-11,4861,0.2677
276,Alemania,000,Mundo,060312,"Claveles ""flores y capullos"", cortados para ramos o adornos, frescos",41315,-40223,5039.000,Toneladas,8199.047430045643976979559436,USD/Toneladas,5.338812,-3,50,-10,1496,0.5686
724,España,000,Mundo,060312,"Claveles ""flores y capullos"", cortados para ramos o adornos, frescos",31020,-15874,4458.000,Toneladas,6958.2772543741588156123822342,USD/Toneladas,4.008471,17,34,18,7876,0.9179
410,"Corea, República de",000,Mundo,060312,"Claveles ""flores y capullos"", cortados para ramos o adornos, frescos",19316,-19316,2502.000,Toneladas,7720.2238209432454036770583533,USD/Toneladas,2.496002,15,6,18,12912,0.7684
124,Canadá,000,Mundo,060312,"Claveles ""flores y capullos"", cortados para ramos o adornos, frescos",19151,-19147,7508146.000,Docena,2.5506962704241499832315461101,USD/Docena,2.474724,4,10,-1,4733,0.9583
251,Francia,000,Mundo,060312,"Claveles ""flores y capullos"", cortados para ramos o adornos, frescos",14275,-14236,1536.000,Toneladas,9293.619791666666666666666667,USD/Toneladas,1.844624,2,6,-6,2092,0.3791
643,"Rusia, Federación de",000,Mundo,060312,"Claveles ""flores y capullos"", cortados para ramos o adornos, frescos",12378,-12377,2518.000,Toneladas,4915.8061953931691818903891978,USD/Toneladas,1.599517,-13,5,-11,5712,0.2512
764,Tailandia,000,Mundo,060312,"Claveles ""flores y capullos"", cortados para ramos o adornos, frescos",9048,-8257,4710.000,Toneladas,1921.0191082802547770700636943,USD/Toneladas,1.169194,30,36,35,2796,0.9991
246,Finlandia,000,Mundo,060312,"Claveles ""flores y capullos"", cortados para ramos o adornos, frescos",8331,-8322,810.000,Toneladas,10285.185185185185185185185185,USD/Toneladas,1.07655,-1,16,-3,3926,0.3997
579,Noruega,000,Mundo,060312,"Claveles ""flores y capullos"", cortados para ramos o adornos, frescos",7556,-7556,796.000,Toneladas,9492.46231155778894472361809,USD/Toneladas,0.9764186,8,19,5,6518,0.2709
784,Emiratos Árabes Unidos,000,Mundo,060312,"Claveles ""flores y capullos"", cortados para ramos o adornos, frescos",6986,-6986,1019.000,Toneladas,6855.7409224730127576054955839,USD/Toneladas,0.90279,48,20,39,12053,0.6618
381,Italia,000,Mundo,060312,"Claveles ""flores y capullos"", cortados para ramos o adornos, frescos",6378,2164,843.000,Toneladas,7565.8362989323843416370106762,USD/Toneladas,0.8241787,5,77,7,1221,0.9673
757,Suiza,000,Mundo,060312,"Claveles ""flores y capullos"", cortados para ramos o adornos, frescos",5811,-5811,502.000,Toneladas,11575.697211155378486055776892,USD/Toneladas,0.7508907,4,8,3,1132,0.6061
203,República Checa,000,Mundo,060312,"Claveles ""flores y capullos"", cortados para ramos o adornos, frescos",5567,-5402,1392.000,Toneladas,3999.2816091954022988505747126,USD/Toneladas,0.7193796,-7,7,-7,3857,0.4315
752,Suecia,000,Mundo,060312,"Claveles ""flores y capullos"", cortados para ramos o adornos, frescos",3771,-3723,545.000,Toneladas,6919.2660550458715596330275229,USD/Toneladas,0.4872966,-4,6,-9,1040,0.8814
642,Rumania,000,Mundo,060312,"Claveles ""flores y capullos"", cortados para ramos o adornos, frescos",3385,-3308,995.000,Toneladas,3402.0100502512562814070351759,USD/Toneladas,0.4374169,4,10,-7,1234,0.4396
208,Dinamarca,000,Mundo,060312,"Claveles ""flores y capullos"", cortados para ramos o adornos, frescos",2985,-2948,275.000,Toneladas,10854.545454545454545454545455,USD/Toneladas,0.3857281,17,32,0,575,0.9735
704,Viet Nam,000,Mundo,060312,"Claveles ""flores y capullos"", cortados para ramos o adornos, frescos",2948,-1971,3973.000,Toneladas,742.00855776491316385602819028,USD/Toneladas,0.3809818,56,2,143,2683,0.9555
040,Austria,000,Mundo,060312,"Claveles ""flores y capullos"", cortados para ramos o adornos, frescos",2625,-2574,213.000,Toneladas,12323.943661971830985915492958,USD/Toneladas,0.3391447,6,-4,-1,834,0.8699
036,Australia,000,Mundo,060312,"Claveles ""flores y capullos"", cortados para ramos o adornos, frescos",2610,-2610,14088579.000,Unidad,0.1852564406956869106529480368,USD/Unidad,0.3372829,-20,23,-12,12325,0.2768
372,Irlanda,000,Mundo,060312,"Claveles ""flores y capullos"", cortados para ramos o adornos, frescos",2426,-2426,252.000,Toneladas,9626.984126984126984126984127,USD/Toneladas,0.3134929,-14,-19,-23,1015,0.6303
620,Portugal,000,Mundo,060312,"Claveles ""flores y capullos"", cortados para ramos o adornos, frescos",2290,-2150,344.000,Toneladas,6656.9767441860465116279069767,USD/Toneladas,0.2959187,32,14,27,661,0.8572
056,Bélgica,000,Mundo,060312,"Claveles ""flores y capullos"", cortados para ramos o adornos, frescos",2125,-1090,285.000,Toneladas,7456.1403508771929824561403509,USD/Toneladas,0.2745738,-2,-3,0,168,0.8708
804,Ucrania,000,Mundo,060312,"Claveles ""flores y capullos"", cortados para ramos o adornos, frescos",2040,-2040,635.000,Toneladas,3212.5984251968503937007874016,USD/Toneladas,0.2636108,-6,-4,-13,6965,0.2288
398,Kazajstán,000,Mundo,060312,"Claveles ""flores y capullos"", cortados para ramos o adornos, frescos",1596,-1596,229.000,Toneladas,6969.4323144104803493449781659,USD/Toneladas,0.2062395,18,-46,12,8135,0.3258
152,Chile,000,Mundo,060312,"Claveles ""flores y capullos"", cortados para ramos o adornos, frescos",1591,-1591,489.000,Toneladas,3253.5787321063394683026584867,USD/Toneladas,0.2056374,13,44,9,3647,0.7964
458,Malasia,000,Mundo,060312,"Claveles ""flores y capullos"", cortados para ramos o adornos, frescos",1584,-1534,851.000,Toneladas,1861.3396004700352526439482961,USD/Toneladas,0.204662,42,-10,46,2813,0.5407
440,Lituania,000,Mundo,060312,"Claveles ""flores y capullos"", cortados para ramos o adornos, frescos",1482,-1467,224.000,Toneladas,6616.0714285714285714285714286,USD/Toneladas,0.1915072,-8,-2,-7,1287,0.7541
348,Hungría,000,Mundo,060312,"Claveles ""flores y capullos"", cortados para ramos o adornos, frescos",1472,-1426,163.000,Toneladas,9030.674846625766871165644172,USD/Toneladas,0.190215,11,3,2,1269,0.5545
705,Eslovenia,000,Mundo,060312,"Claveles ""flores y capullos"", cortados para ramos o adornos, frescos",1430,-1430,137.000,Toneladas,10437.956204379562043795620438,USD/Toneladas,0.1847876,4,0,-6,3172,0.5085
191,Croacia,000,Mundo,060312,"Claveles ""flores y capullos"", cortados para ramos o adornos, frescos",1359,-1357,200.000,Toneladas,6795,USD/Toneladas,0.1756129,29,40,21,1102,0.9752
703,Eslovaquia,000,Mundo,060312,"Claveles ""flores y capullos"", cortados para ramos o adornos, frescos",1358,-1344,2356.000,Toneladas,576.40067911714770797962648557,USD/Toneladas,0.1754836,-2,-9,43,2385,0.2173
233,Estonia,000,Mundo,060312,"Claveles ""flores y capullos"", cortados para ramos o adornos, frescos",1328,-1328,142.000,Toneladas,9352.112676056338028169014085,USD/Toneladas,0.171607,25,213,16,7710,0.3359
100,Bulgaria,000,Mundo,060312,"Claveles ""flores y capullos"", cortados para ramos o adornos, frescos",1177,-1171,313.000,Toneladas,3760.3833865814696485623003195,USD/Toneladas,0.1520422,-11,-18,-27,621,0.8267
490,Taipei Chino,000,Mundo,060312,"Claveles ""flores y capullos"", cortados para ramos o adornos, frescos",1139,-1126,268.000,Toneladas,4250,USD/Toneladas,0.1471602,17,43,11,11764,0.5151
300,Grecia,000,Mundo,060312,"Claveles ""flores y capullos"", cortados para ramos o adornos, frescos",1117,-1114,160.000,Toneladas,6981.25,USD/Toneladas,0.1444049,36,12,26,1338,0.4126
498,"Moldova, República de",000,Mundo,060312,"Claveles ""flores y capullos"", cortados para ramos o adornos, frescos",1108,-1108,63.000,Toneladas,17587.301587301587301587301587,USD/Toneladas,0.1431781,26,46,8,8264,0.2954
222,El Salvador,000,Mundo,060312,"Claveles ""flores y capullos"", cortados para ramos o adornos, frescos",917,-917,683.000,Toneladas,1342.6061493411420204978038067,USD/Toneladas,0.1185476,14,23,-1,579,0.6626
112,Belarús,000,Mundo,060312,"Claveles ""flores y capullos"", cortados para ramos o adornos, frescos",870,-870,193.000,Toneladas,4507.7720207253886010362694301,USD/Toneladas,0.1123882,-32,59,-12,7237,0.271
591,Panamá,000,Mundo,060312,"Claveles ""flores y capullos"", cortados para ramos o adornos, frescos",860,-860,160.000,Toneladas,5375,USD/Toneladas,0.1111069,18,12,14,713,0.9546
428,Letonia,000,Mundo,060312,"Claveles ""flores y capullos"", cortados para ramos o adornos, frescos",815,-753,102.000,Toneladas,7990.196078431372549019607843,USD/Toneladas,0.105316,-5,4,-9,866,0.5013
417,Kirguistán,000,Mundo,060312,"Claveles ""flores y capullos"", cortados para ramos o adornos, frescos",769,-670,163.000,Toneladas,4717.7914110429447852760736196,USD/Toneladas,0.09937181,157,89,182,8752,0.3982
268,Georgia,000,Mundo,060312,"Claveles ""flores y capullos"", cortados para ramos o adornos, frescos",701,-692,201.000,Toneladas,3487.5621890547263681592039801,USD/Toneladas,0.09056306,54,60,3,2483,0.6679
070,Bosnia y Herzegovina,000,Mundo,060312,"Claveles ""flores y capullos"", cortados para ramos o adornos, frescos",526,-526,122.000,Toneladas,4311.4754098360655737704918033,USD/Toneladas,0.06798293,26,19,15,2788,0.3141
352,Islandia,000,Mundo,060312,"Claveles ""flores y capullos"", cortados para ramos o adornos, frescos",455,-455,32.000,Toneladas,14218.75,USD/Toneladas,0.05879514,-3,26,-5,4263,0.3025
414,Kuwait,000,Mundo,060312,"Claveles ""flores y capullos"", cortados para ramos o adornos, frescos",427,-427,49.000,Toneladas,8714.285714285714285714285714,USD/Toneladas,0.05512672,9,31,9,11270,0.551
688,Serbia,000,Mundo,060312,"Claveles ""flores y capullos"", cortados para ramos o adornos, frescos",372,-372,110.000,Toneladas,3381.8181818181818181818181818,USD/Toneladas,0.0481208,6,39,1,3243,0.2412
634,Qatar,000,Mundo,060312,"Claveles ""flores y capullos"", cortados para ramos o adornos, frescos",363,-363,54.000,Toneladas,6722.2222222222222222222222222,USD/Toneladas,0.04695434,26,31,39,6990,0.2859
496,Mongolia,000,Mundo,060312,"Claveles ""flores y capullos"", cortados para ramos o adornos, frescos",353,-353,94.000,Toneladas,3755.3191489361702127659574468,USD/Toneladas,0.04566494,27,10,,1671,0.9944
702,Singapur,000,Mundo,060312,"Claveles ""flores y capullos"", cortados para ramos o adornos, frescos",337,-336,27.000,Toneladas,12481.481481481481481481481481,USD/Toneladas,0.04354446,2,0,21,9222,0.2894
682,Arabia Saudita,000,Mundo,060312,"Claveles ""flores y capullos"", cortados para ramos o adornos, frescos",335,-301,38.000,Toneladas,8815.789473684210526315789474,USD/Toneladas,0.04325645,34,-62,31,6194,0.5014
008,Albania,000,Mundo,060312,"Claveles ""flores y capullos"", cortados para ramos o adornos, frescos",303,-303,30.000,Toneladas,10100,USD/Toneladas,0.03913053,30,14,20,1523,0.7734
860,Uzbekistán,000,Mundo,060312,"Claveles ""flores y capullos"", cortados para ramos o adornos, frescos",302,-298,44.000,Toneladas,6863.6363636363636363636363636,USD/Toneladas,0.03900956,67,1090,149,13227,0.8265
858,Uruguay,000,Mundo,060312,"Claveles ""flores y capullos"", cortados para ramos o adornos, frescos",300,-300,31.000,Toneladas,9677.419354838709677419354839,USD/Toneladas,0.0387647,15,23,8,4358,0.9934
512,Omán,000,Mundo,060312,"Claveles ""flores y capullos"", cortados para ramos o adornos, frescos",297,-297,38.000,Toneladas,7815.7894736842105263157894737,USD/Toneladas,0.03838884,57,41,25,4064,0.4915
442,Luxemburgo,000,Mundo,060312,"Claveles ""flores y capullos"", cortados para ramos o adornos, frescos",286,-279,68.000,Toneladas,4205.8823529411764705882352941,USD/Toneladas,0.03695753,4,8,5,1425,0.4637
480,Mauricio,000,Mundo,060312,"Claveles ""flores y capullos"", cortados para ramos o adornos, frescos",283,-283,35.000,Toneladas,8085.714285714285714285714286,USD/Toneladas,0.03658633,61,53,61,3044,1
558,Nicaragua,000,Mundo,060312,"Claveles ""flores y capullos"", cortados para ramos o adornos, frescos",273,-273,48.000,Toneladas,5687.5,USD/Toneladas,0.03532243,18,-1,16,1360,0.6168
600,Paraguay,000,Mundo,060312,"Claveles ""flores y capullos"", cortados para ramos o adornos, frescos",218,-218,28.000,Toneladas,7785.7142857142857142857142857,USD/Toneladas,0.02823225,23,18,15,3577,1
031,Azerbaiyán,000,Mundo,060312,"Claveles ""flores y capullos"", cortados para ramos o adornos, frescos",192,-41,79.000,Toneladas,2430.3797468354430379746835443,USD/Toneladas,0.02481065,-6,50,-11,3046,0.5984
388,Jamaica,000,Mundo,060312,"Claveles ""flores y capullos"", cortados para ramos o adornos, frescos",137,-137,33.000,Toneladas,4151.5151515151515151515151515,USD/Toneladas,0.01770343,7,-15,6,2256,0.3225
604,Perú,000,Mundo,060312,"Claveles ""flores y capullos"", cortados para ramos o adornos, frescos",130,-130,97.000,Toneladas,1340.2061855670103092783505155,USD/Toneladas,0.016797,11,-26,28,974,1
446,"Macao, China",000,Mundo,060312,"Claveles ""flores y capullos"", cortados para ramos o adornos, frescos",107,-107,50.000,Toneladas,2140,USD/Toneladas,0.01382677,-17,-24,-32,,0.9099
531,Curaçao,000,Mundo,060312,"Claveles ""flores y capullos"", cortados para ramos o adornos, frescos",104,-104,15.000,Toneladas,6933.3333333333333333333333333,USD/Toneladas,0.01343709,6,1,1,,1
050,Bangladesh,000,Mundo,060312,"Claveles ""flores y capullos"", cortados para ramos o adornos, frescos",104,-104,9.000,Toneladas,11555.555555555555555555555556,USD/Toneladas,0.0134161,23,13,4,2789,1
032,Argentina,000,Mundo,060312,"Claveles ""flores y capullos"", cortados para ramos o adornos, frescos",101,-101,36.000,Toneladas,2805.5555555555555555555555556,USD/Toneladas,0.01305208,29,163,48,4458,0.6945
807,Macedonia del Norte,000,Mundo,060312,"Claveles ""flores y capullos"", cortados para ramos o adornos, frescos",94,-94,13.000,Toneladas,7230.7692307692307692307692308,USD/Toneladas,0.01213628,31,58,42,1613,0.8443
234,Islas Feroe,000,Mundo,060312,"Claveles ""flores y capullos"", cortados para ramos o adornos, frescos",76,-76,6.000,Toneladas,12666.666666666666666666666667,USD/Toneladas,0.009820881,,,,3530,0.4354
170,Colombia,000,Mundo,060312,"Claveles ""flores y capullos"", cortados para ramos o adornos, frescos",73,337357,19.000,Toneladas,3842.1052631578947368421052632,USD/Toneladas,0.009417836,53,-41,53,878,0.8048
762,Tayikistán,000,Mundo,060312,"Claveles ""flores y capullos"", cortados para ramos o adornos, frescos",69,-69,12.000,Toneladas,5750,USD/Toneladas,0.008971246,,35,,14638,0.9718
499,Montenegro,000,Mundo,060312,"Claveles ""flores y capullos"", cortados para ramos o adornos, frescos",61,-61,9.000,Toneladas,6777.7777777777777777777777778,USD/Toneladas,0.007892887,40,-74,23,1415,0.8775
780,Trinidad y Tobago,000,Mundo,060312,"Claveles ""flores y capullos"", cortados para ramos o adornos, frescos",60,-60,11.000,Toneladas,5454.5454545454545454545454545,USD/Toneladas,0.007742642,0,5,4,1840,0.7606
340,Honduras,000,Mundo,060312,"Claveles ""flores y capullos"", cortados para ramos o adornos, frescos",57,-57,865.000,Toneladas,65.895953757225433526011560694,USD/Toneladas,0.007382589,5,20,12,326,1
586,Pakistán,000,Mundo,060312,"Claveles ""flores y capullos"", cortados para ramos o adornos, frescos",53,-53,5.000,Toneladas,10600,USD/Toneladas,0.006794635,,113,-45,4886,1
076,Brasil,000,Mundo,060312,"Claveles ""flores y capullos"", cortados para ramos o adornos, frescos",51,-50,8.000,Toneladas,6375,USD/Toneladas,0.006638528,157,68,,4158,1
051,Armenia,000,Mundo,060312,"Claveles ""flores y capullos"", cortados para ramos o adornos, frescos",49,18,9.000,Toneladas,5444.4444444444444444444444444,USD/Toneladas,0.006331884,17,119,30,1188,0.3794
344,"Hong Kong, China",000,Mundo,060312,"Claveles ""flores y capullos"", cortados para ramos o adornos, frescos",41,-41,34.000,Toneladas,1205.8823529411764705882352941,USD/Toneladas,0.005237842,-16,-40,35,11056,0.5217
434,Libia Estado de,000,Mundo,060312,"Claveles ""flores y capullos"", cortados para ramos o adornos, frescos",40,-40,5.000,Toneladas,8000,USD/Toneladas,0.005168885,,-55,,1368,1
533,Aruba,000,Mundo,060312,"Claveles ""flores y capullos"", cortados para ramos o adornos, frescos",39,-39,4.000,Toneladas,9750,USD/Toneladas,0.005072997,0,2,-6,861,1
048,Bahrein,000,Mundo,060312,"Claveles ""flores y capullos"", cortados para ramos o adornos, frescos",34,-34,5.000,Toneladas,6800,USD/Toneladas,0.004353048,-2,-12,-16,8676,0.4343
064,Bhután,000,Mundo,060312,"Claveles ""flores y capullos"", cortados para ramos o adornos, frescos",32,-32,2.000,Toneladas,16000,USD/Toneladas,0.004135108,66,65,15,1298,1
052,Barbados,000,Mundo,060312,"Claveles ""flores y capullos"", cortados para ramos o adornos, frescos",27,-27,3.000,Toneladas,9000,USD/Toneladas,0.00347685,,375,,4167,1
710,Sudáfrica,000,Mundo,060312,"Claveles ""flores y capullos"", cortados para ramos o adornos, frescos",26,-22,11.000,Toneladas,2363.6363636363636363636363636,USD/Toneladas,0.003367627,77,51,86,3436,0.7899
360,Indonesia,000,Mundo,060312,"Claveles ""flores y capullos"", cortados para ramos o adornos, frescos",21,-12,4.000,Toneladas,5250,USD/Toneladas,0.002735387,21,27,12,4562,1
462,Maldivas,000,Mundo,060312,"Claveles ""flores y capullos"", cortados para ramos o adornos, frescos",20,-20,46261.000,Unidad,0.4323296080932102635048961328,USD/Unidad,0.002538652,-4,14,-13,5736,0.723
504,Marruecos,000,Mundo,060312,"Claveles ""flores y capullos"", cortados para ramos o adornos, frescos",17,9063,3.000,Toneladas,5666.6666666666666666666666667,USD/Toneladas,0.002199341,,105,0,2264,1
849,Estados Unidos Minor periferico Islas,000,Mundo,060312,"Claveles ""flores y capullos"", cortados para ramos o adornos, frescos",17,-17,0.000,Toneladas,,,0.00219407,5,27,,,0.6401
470,Malta,000,Mundo,060312,"Claveles ""flores y capullos"", cortados para ramos o adornos, frescos",15,-15,2.000,Toneladas,7500,USD/Toneladas,0.001983708,-27,38,-30,1422,0.52
368,Iraq,000,Mundo,060312,"Claveles ""flores y capullos"", cortados para ramos o adornos, frescos",14,-14,3.000,Toneladas,4666.6666666666666666666666667,USD/Toneladas,0.001813317,-10,249,,3952,1
196,Chipre,000,Mundo,060312,"Claveles ""flores y capullos"", cortados para ramos o adornos, frescos",14,-14,1.000,Toneladas,14000,USD/Toneladas,0.00180911,84,-30,,3254,0.5918
792,Türkiye,000,Mundo,060312,"Claveles ""flores y capullos"", cortados para ramos o adornos, frescos",12,45800,6.000,Toneladas,2000,USD/Toneladas,0.001579094,37,,,1037,0.7222
020,Andorra,000,Mundo,060312,"Claveles ""flores y capullos"", cortados para ramos o adornos, frescos",11,-11,2.000,Toneladas,5500,USD/Toneladas,0.00139127,,36,,8452,1
690,Seychelles,000,Mundo,060312,"Claveles ""flores y capullos"", cortados para ramos o adornos, frescos",10,-10,3.000,Toneladas,3333.3333333333333333333333333,USD/Toneladas,0.001238416,25,-26,12,5561,0.52
156,China,000,Mundo,060312,"Claveles ""flores y capullos"", cortados para ramos o adornos, frescos",8,42455,1.000,Toneladas,8000,USD/Toneladas,0.001017366,-62,-63,-62,12056,0.3438
116,Camboya,000,Mundo,060312,"Claveles ""flores y capullos"", cortados para ramos o adornos, frescos",8,-8,1.000,Toneladas,8000,USD/Toneladas,0.0009769193,,,,2792,1
192,Cuba,000,Mundo,060312,"Claveles ""flores y capullos"", cortados para ramos o adornos, frescos",7,-7,3.000,Toneladas,2333.3333333333333333333333333,USD/Toneladas,0.0009596035,24,127,11,2621,1
188,Costa Rica,000,Mundo,060312,"Claveles ""flores y capullos"", cortados para ramos o adornos, frescos",7,57,1.000,Toneladas,7000,USD/Toneladas,0.0009091423,,,,1143,1
554,Nueva Zelandia,000,Mundo,060312,"Claveles ""flores y capullos"", cortados para ramos o adornos, frescos",7,-7,0.000,Toneladas,,,0.0009596305,23,85,,9107,0.7551
748,Eswatini,000,Mundo,060312,"Claveles ""flores y capullos"", cortados para ramos o adornos, frescos",6,-6,1.000,Toneladas,6000,USD/Toneladas,0.0007909155,42,,,2858,1
144,Sri Lanka,000,Mundo,060312,"Claveles ""flores y capullos"", cortados para ramos o adornos, frescos",6,-6,1.000,Toneladas,6000,USD/Toneladas,0.0007753327,44,,,3133,0.5
104,Myanmar,000,Mundo,060312,"Claveles ""flores y capullos"", cortados para ramos o adornos, frescos",5,-5,4.000,Toneladas,1250,USD/Toneladas,0.0006330592,-66,,-55,2699,1
231,Etiopía,000,Mundo,060312,"Claveles ""flores y capullos"", cortados para ramos o adornos, frescos",4,3767,1.000,Toneladas,4000,USD/Toneladas,0.0005078896,4,,,1186,1
740,Suriname,000,Mundo,060312,"Claveles ""flores y capullos"", cortados para ramos o adornos, frescos",4,-4,0.000,Toneladas,,,0.0005623747,-62,128,,2192,1
580,Islas Marianas del Norte,000,Mundo,060312,"Claveles ""flores y capullos"", cortados para ramos o adornos, frescos",4,-4,0.000,Toneladas,,,0.0005168885,,-33,,11642,1
534,San Martin (parte Holandesa),000,Mundo,060312,"Claveles ""flores y capullos"", cortados para ramos o adornos, frescos",3,-3,0.000,Toneladas,,,0.0003876664,28,-25,,,1
659,Saint Kitts y Nevis,000,Mundo,060312,"Claveles ""flores y capullos"", cortados para ramos o adornos, frescos",3,-3,2.000,Toneladas,1500,USD/Toneladas,0.0003610466,15,-3,,2853,1
662,Santa Lucía,000,Mundo,060312,"Claveles ""flores y capullos"", cortados para ramos o adornos, frescos",3,-3,2.000,Toneladas,1500,USD/Toneladas,0.0004172841,103,-6,,2659,1
304,Groenlandia,000,Mundo,060312,"Claveles ""flores y capullos"", cortados para ramos o adornos, frescos",3,-3,0.000,Toneladas,,,0.0003876664,-7,,,3388,1
292,Gibraltar,000,Mundo,060312,"Claveles ""flores y capullos"", cortados para ramos o adornos, frescos",3,-3,0.000,Toneladas,,,0.0003876664,-10,0,,933,0.5556
092,Islas Vírgenes Británicas,000,Mundo,060312,"Claveles ""flores y capullos"", cortados para ramos o adornos, frescos",3,-3,0.000,Toneladas,,,0.0003500627,-52,-31,,1760,1
178,Congo,000,Mundo,060312,"Claveles ""flores y capullos"", cortados para ramos o adornos, frescos",3,-3,1.000,Toneladas,3000,USD/Toneladas,0.0003433619,51,,,2556,1
072,Botsuana,000,Mundo,060312,"Claveles ""flores y capullos"", cortados para ramos o adornos, frescos",3,-3,7.000,Toneladas,428.57142857142857142857142857,USD/Toneladas,0.0004148029,-14,25,22,522,1
044,Bahamas,000,Mundo,060312,"Claveles ""flores y capullos"", cortados para ramos o adornos, frescos",2,-2,0.000,Toneladas,,,0.0002327291,41,-45,,2506,0.5
012,Argelia,000,Mundo,060312,"Claveles ""flores y capullos"", cortados para ramos o adornos, frescos",2,-2,2.000,Toneladas,1000,USD/Toneladas,0.0002132905,250,-98,,5422,1
028,Antigua y Barbuda,000,Mundo,060312,"Claveles ""flores y capullos"", cortados para ramos o adornos, frescos",2,-2,0.000,Toneladas,,,0.0002584443,,,,6959,1
132,Cabo Verde,000,Mundo,060312,"Claveles ""flores y capullos"", cortados para ramos o adornos, frescos",2,-2,0.000,Toneladas,,,0.0002053751,85,9,,2952,1
288,Ghana,000,Mundo,060312,"Claveles ""flores y capullos"", cortados para ramos o adornos, frescos",2,-2,2.000,Toneladas,1000,USD/Toneladas,0.0002710875,2,-19,,4277,1
400,Jordania,000,Mundo,060312,"Claveles ""flores y capullos"", cortados para ramos o adornos, frescos",2,-2,0.000,Toneladas,,,0.0002585735,,-98,,3347,1
566,Nigeria,000,Mundo,060312,"Claveles ""flores y capullos"", cortados para ramos o adornos, frescos",2,-2,1.000,Toneladas,2000,USD/Toneladas,0.0002250033,-11,30,,3629,1
788,Túnez,000,Mundo,060312,"Claveles ""flores y capullos"", cortados para ramos o adornos, frescos",2,-2,1.000,Toneladas,2000,USD/Toneladas,0.0002669122,,,,4987,1
795,Turkmenistán,000,Mundo,060312,"Claveles ""flores y capullos"", cortados para ramos o adornos, frescos",1,-1,0.000,Toneladas,,,0.0001585555,,,,5024,1
418,"Lao, República Democrática Popular",000,Mundo,060312,"Claveles ""flores y capullos"", cortados para ramos o adornos, frescos",1,-1,0.000,Toneladas,,,0.0001093219,34,,,2212,1
422,Líbano,000,Mundo,060312,"Claveles ""flores y capullos"", cortados para ramos o adornos, frescos",1,-1,0.000,Toneladas,,,0.00008796452,,,,3918,1
384,Côte d'Ivoire,000,Mundo,060312,"Claveles ""flores y capullos"", cortados para ramos o adornos, frescos",1,-1,0.000,Toneladas,,,0.0001823795,-36,,,4637,0.5
120,Camerún,000,Mundo,060312,"Claveles ""flores y capullos"", cortados para ramos o adornos, frescos",1,-1,0.000,Toneladas,,,0.00007602612,,,,2964,1
096,Brunei Darussalam,000,Mundo,060312,"Claveles ""flores y capullos"", cortados para ramos o adornos, frescos",1,-1,0.000,Toneladas,,,0.00009539496,0,,,,
180,"Congo, República Democrática del",000,Mundo,060312,"Claveles ""flores y capullos"", cortados para ramos o adornos, frescos",1,-1,0.000,Toneladas,,,0.0001438394,44,,,1809,1
024,Angola,000,Mundo,060312,"Claveles ""flores y capullos"", cortados para ramos o adornos, frescos",1,-1,3.000,Toneladas,333.33333333333333333333333333,USD/Toneladas,0.0001500993,65,,,4242,0.5
404,Kenya,000,Mundo,060312,"Claveles ""flores y capullos"", cortados para ramos o adornos, frescos",,13648,,,,,,,,,,
364,"Irán, República Islámica del",000,Mundo,060312,"Claveles ""flores y capullos"", cortados para ramos o adornos, frescos",,8,,,,,,,,,,
320,Guatemala,000,Mundo,060312,"Claveles ""flores y capullos"", cortados para ramos o adornos, frescos",,798,,,,,,,,,,
218,Ecuador,000,Mundo,060312,"Claveles ""flores y capullos"", cortados para ramos o adornos, frescos",,25427,,,,,,,,,,
484,México,000,Mundo,060312,"Claveles ""flores y capullos"", cortados para ramos o adornos, frescos",,40,,,,,,,,,,
818,Egipto,000,Mundo,060312,"Claveles ""flores y capullos"", cortados para ramos o adornos, frescos",,100,,,,,,,,,,
699,India,000,Mundo,060312,"Claveles ""flores y capullos"", cortados para ramos o adornos, frescos",,47,,,,,,,,,,
