"HS4","Product code","Product label","imported value in 2021, US Dollar thousand","imported value in 2022, US Dollar thousand","imported value in 2023, US Dollar thousand","imported value in 2024, US Dollar thousand","imported value in 2025, US Dollar thousand"
"","TOTAL","All products","22,462,053,502","25,397,511,622","23,980,025,769","24,276,285,274","25,788,655,612"
"","85","Electrical machinery and equipment and parts thereof; sound recorders and reproducers, television . . .","3,625,422,453","3,821,650,385","3,675,267,031","3,813,306,044","4,261,754,942"
"","84","Nuclear reactors, boilers, machinery and mechanical appliances; parts thereof","2,562,542,181","2,647,875,839","2,664,345,714","2,908,234,164","3,370,779,464"
"","27","Mineral fuels, mineral oils and products of their distillation; bituminous substances; mineral . . .","2,664,396,898","4,279,305,798","3,403,300,285","3,138,835,720","2,810,932,075"
"","87","Vehicles other than railway or tramway rolling stock, and parts and accessories thereof","1,517,239,698","1,628,257,735","1,919,954,943","1,884,281,062","1,883,073,390"
"","71","Natural or cultured pearls, precious or semi-precious stones, precious metals, metals clad . . .","880,323,295","933,547,656","953,302,776","1,058,931,910","1,374,633,117"
"","30","Pharmaceutical products","860,017,130","893,321,238","884,414,571","951,295,634","1,025,245,398"
"","90","Optical, photographic, cinematographic, measuring, checking, precision, medical or surgical . . .","689,487,513","671,554,190","686,511,330","704,547,898","750,231,002"
"","39","Plastics and articles thereof","803,197,992","833,126,537","721,441,885","738,372,626","743,827,307"
"","29","Organic chemicals","531,577,201","618,743,785","544,028,456","518,593,086","557,258,395"
"","72","Iron and steel","555,151,401","592,515,358","496,113,008","469,574,364","450,343,911"
"","99","Commodities not elsewhere specified","399,967,266","440,252,056","444,904,946","382,361,177","412,074,429"
"","26","Ores, slag and ash","436,991,159","374,450,026","373,369,598","388,237,421","409,042,584"
"","73","Articles of iron or steel","344,411,365","382,318,889","367,913,531","367,259,264","376,541,984"
"","38","Miscellaneous chemical products","303,159,256","345,230,295","302,804,264","286,138,064","295,263,252"
"","94","Furniture; bedding, mattresses, mattress supports, cushions and similar stuffed furnishings; . . .","289,298,689","292,909,376","261,156,155","271,128,373","280,336,215"
"","88","Aircraft, spacecraft, and parts thereof","163,306,976","180,220,226","220,771,704","235,633,252","271,319,571"
"","74","Copper and articles thereof","229,338,526","233,001,802","214,989,189","244,271,509","268,606,269"
"","76","Aluminium and articles thereof","233,088,073","277,956,119","235,382,116","243,303,071","259,760,693"
"","61","Articles of apparel and clothing accessories, knitted or crocheted","233,143,686","263,358,804","232,193,120","240,749,950","253,997,571"
"","40","Rubber and articles thereof","240,384,335","238,053,007","222,850,291","231,995,761","243,178,899"
"","62","Articles of apparel and clothing accessories, not knitted or crocheted","201,867,149","231,265,972","217,870,314","220,293,351","230,526,650"
"","33","Essential oils and resinoids; perfumery, cosmetic or toilet preparations","169,675,180","174,507,086","182,937,737","193,225,912","201,931,935"
"","48","Paper and paperboard; articles of paper pulp, of paper or of paperboard","184,328,461","214,361,503","189,765,129","191,349,601","193,025,308"
"","08","Edible fruit and nuts; peel of citrus fruit or melons","158,559,801","154,628,391","160,013,784","174,089,376","192,678,773"
"","28","Inorganic chemicals; organic or inorganic compounds of precious metals, of rare-earth metals, . . .","157,810,913","229,140,188","201,025,994","180,086,394","191,397,706"
"","02","Meat and edible meat offal","152,329,894","165,933,224","161,911,200","170,006,421","189,626,342"
"","15","Animal, vegetable or microbial fats and oils and their cleavage products; prepared edible fats; . . .","153,462,285","185,488,531","158,004,189","156,920,297","174,034,549"
"","64","Footwear, gaiters and the like; parts of such articles","145,267,804","173,716,080","160,769,255","161,276,460","168,646,363"
"","44","Wood and articles of wood; wood charcoal","191,623,976","196,710,564","156,071,055","156,270,031","159,564,683"
"","10","Cereals","172,112,279","204,278,895","186,585,327","168,104,150","153,462,170"
"","95","Toys, games and sports requisites; parts and accessories thereof","160,767,550","162,275,849","146,171,905","142,298,470","153,244,575"
"","22","Beverages, spirits and vinegar","141,738,083","152,150,074","153,770,200","153,567,111","153,149,560"
"","03","Fish and crustaceans, molluscs and other aquatic invertebrates","135,491,571","149,531,460","141,540,417","139,566,514","151,623,946"
"","12","Oil seeds and oleaginous fruits; miscellaneous grains, seeds and fruit; industrial or medicinal . . .","148,010,276","167,169,506","160,506,953","144,087,909","140,357,550"
"","04","Dairy produce; birds' eggs; natural honey; edible products of animal origin, not elsewhere . . .","102,948,596","116,468,766","114,002,791","117,066,726","129,974,983"
"","21","Miscellaneous edible preparations","96,442,990","103,048,582","108,985,868","115,938,238","125,926,564"
"","18","Cocoa and cocoa preparations","56,404,103","55,523,099","62,879,953","92,002,968","124,844,152"
"","19","Preparations of cereals, flour, starch or milk; pastrycooks' products","88,743,374","98,097,493","107,636,497","112,883,459","120,973,970"
"","23","Residues and waste from the food industries; prepared animal fodder","107,154,800","120,047,423","118,345,742","115,475,935","113,093,775"
"","31","Fertilisers","98,086,625","153,310,041","103,240,727","95,974,546","112,940,395"
"","89","Ships, boats and floating structures","75,961,140","79,118,660","73,769,336","70,603,239","100,994,730"
"","07","Edible vegetables and certain roots and tubers","84,217,957","89,281,699","97,287,353","101,664,106","99,355,191"
"","09","Coffee, tea, maté and spices","57,712,861","70,360,562","65,739,047","74,929,708","95,709,496"
"","20","Preparations of vegetables, fruit, nuts or other parts of plants","68,417,522","77,261,166","82,964,196","89,881,967","94,147,611"
"","42","Articles of leather; saddlery and harness; travel goods, handbags and similar containers; articles . . .","81,230,433","92,927,853","93,343,509","91,903,227","92,348,464"
"","32","Tanning or dyeing extracts; tannins and their derivatives; dyes, pigments and other colouring . . .","96,428,220","97,143,923","89,510,762","90,907,814","91,167,585"
"","70","Glass and glassware","87,891,901","90,717,046","87,082,674","86,827,994","89,011,202"
"","83","Miscellaneous articles of base metal","81,559,125","85,146,650","80,478,225","83,959,780","86,926,786"
"","34","Soap, organic surface-active agents, washing preparations, lubricating preparations, artificial . . .","77,490,913","81,843,901","79,813,000","82,844,884","86,023,899"
"","82","Tools, implements, cutlery, spoons and forks, of base metal; parts thereof of base metal","73,075,315","72,645,156","69,334,827","70,273,041","73,919,624"
"","25","Salt; sulphur; earths and stone; plastering materials, lime and cement","66,798,561","82,978,745","81,117,482","70,138,905","72,560,526"
"","63","Other made-up textile articles; sets; worn clothing and worn textile articles; rags","82,603,084","78,531,308","67,266,990","69,293,738","72,049,299"
"","24","Tobacco and manufactured tobacco substitutes; products, whether or not containing nicotine, . . .","47,575,314","50,155,530","58,284,988","64,766,587","66,146,940"
"","17","Sugars and sugar confectionery","53,373,127","63,187,176","72,107,892","73,562,174","64,800,925"
"","96","Miscellaneous manufactured articles","55,423,693","59,399,802","58,284,639","60,755,674","63,188,081"
"","91","Clocks and watches and parts thereof","55,739,026","56,632,891","60,754,175","60,536,293","62,964,603"
"","16","Preparations of meat, of fish, of crustaceans, molluscs or other aquatic invertebrates, or . . .","51,819,551","56,579,369","56,120,795","58,125,510","62,928,830"
"","47","Pulp of wood or of other fibrous cellulosic material; recovered (waste and scrap) paper or . . .","60,281,734","70,444,235","62,127,515","63,308,615","60,055,867"
"","68","Articles of stone, plaster, cement, asbestos, mica or similar materials","58,225,227","60,539,368","57,370,252","57,965,507","59,455,657"
"","69","Ceramic products","58,301,431","62,427,841","55,219,475","55,104,009","57,809,810"
"","54","Man-made filaments; strip and the like of man-made textile materials","46,864,730","51,747,487","46,228,347","46,443,023","49,598,891"
"","35","Albuminoidal substances; modified starches; glues; enzymes","40,062,249","44,505,392","42,189,101","42,814,041","45,877,226"
"","52","Cotton","54,929,254","59,722,456","45,787,552","46,777,607","45,258,759"
"","75","Nickel and articles thereof","33,740,154","47,567,527","45,627,347","41,398,904","43,913,552"
"","49","Printed books, newspapers, pictures and other products of the printing industry; manuscripts, . . .","39,477,270","38,685,626","36,862,875","37,284,076","37,524,133"
"","86","Railway or tramway locomotives, rolling stock and parts thereof; railway or tramway track fixtures . . .","32,713,668","33,147,903","35,524,384","34,872,878","37,431,680"
"","55","Man-made staple fibres","37,980,557","40,600,145","35,880,264","37,037,890","37,003,873"
"","60","Knitted or crocheted fabrics","35,046,475","35,478,482","30,575,358","33,173,389","36,633,412"
"","01","Live animals","24,809,863","25,388,651","28,277,571","30,167,221","33,295,085"
"","97","Works of art, collectors' pieces and antiques","28,403,095","31,620,321","35,808,652","32,746,201","33,215,083"
"","93","Arms and ammunition; parts and accessories thereof","14,349,142","16,903,398","20,259,584","23,006,558","31,684,195"
"","56","Wadding, felt and nonwovens; special yarns; twine, cordage, ropes and cables and articles thereof","30,237,141","29,613,609","27,551,610","28,326,936","30,243,417"
"","81","Other base metals; cermets; articles thereof","23,774,441","31,963,940","25,291,797","26,375,242","27,178,134"
"","59","Impregnated, coated, covered or laminated textile fabrics; textile articles of a kind suitable . . .","24,996,788","25,930,293","24,563,421","25,454,379","26,819,052"
"","06","Live trees and other plants; bulbs, roots and the like; cut flowers and ornamental foliage","25,405,807","23,935,291","23,717,192","24,456,597","26,792,812"
"","11","Products of the milling industry; malt; starches; inulin; wheat gluten","24,409,943","29,496,388","29,775,062","27,813,351","25,763,467"
"","79","Zinc and articles thereof","20,359,080","23,028,234","19,854,941","18,996,603","19,122,240"
"","37","Photographic or cinematographic goods","15,487,169","15,479,365","14,350,131","15,569,941","16,376,915"
"","57","Carpets and other textile floor coverings","17,019,444","16,409,985","15,406,826","15,895,612","16,267,161"
"","41","Raw hides and skins (other than furskins) and leather","19,109,032","19,004,983","16,952,875","16,596,160","15,718,035"
"","65","Headgear and parts thereof","12,299,065","15,239,466","13,618,063","13,757,184","14,463,124"
"","05","Products of animal origin, not elsewhere specified or included","11,285,250","12,234,460","11,817,155","11,449,863","12,092,788"
"","58","Special woven fabrics; tufted textile fabrics; lace; tapestries; trimmings; embroidery","10,945,730","11,035,849","9,978,705","10,750,379","11,593,350"
"","78","Lead and articles thereof","8,830,320","8,992,238","9,250,252","9,757,916","10,163,945"
"","51","Wool, fine or coarse animal hair; horsehair yarn and woven fabric","10,346,604","11,546,933","10,941,950","9,665,322","9,830,955"
"","13","Lac; gums, resins and other vegetable saps and extracts","9,105,323","10,567,092","9,341,494","9,382,303","9,478,125"
"","67","Prepared feathers and down and articles made of feathers or of down; artificial flowers; articles . . .","7,900,613","8,901,906","7,693,947","8,029,968","9,032,135"
"","80","Tin and articles thereof","8,351,875","9,444,253","7,025,480","7,207,207","8,864,984"
"","36","Explosives; pyrotechnic products; matches; pyrophoric alloys; certain combustible preparations","4,831,132","5,831,231","6,184,251","7,139,449","7,871,859"
"","92","Musical instruments; parts and accessories of such articles","8,600,803","8,707,120","7,812,552","7,677,547","7,503,993"
"","53","Other vegetable textile fibres; paper yarn and woven fabrics of paper yarn","5,230,738","5,650,696","5,713,096","6,540,537","6,260,881"
"","66","Umbrellas, sun umbrellas, walking sticks, seat-sticks, whips, riding-crops and parts thereof","3,420,897","3,909,685","3,199,199","3,402,706","3,469,207"
"","43","Furskins and artificial fur; manufactures thereof","4,201,529","3,484,026","3,685,589","3,313,546","2,893,852"
"","46","Manufactures of straw, of esparto or of other plaiting materials; basketware and wickerwork","2,824,545","2,957,190","2,252,084","2,409,345","2,459,855"
"","14","Vegetable plaiting materials; vegetable products not elsewhere specified or included","1,888,854","2,146,929","1,944,701","2,106,280","2,350,754"
"","45","Cork and articles of cork","2,194,489","2,355,464","2,480,739","2,201,522","2,106,373"
"","50","Silk","1,222,604","1,652,232","1,573,720","1,399,546","1,711,305"