reporterCd,reporterLabel,partnerCd,partnerLabel,productCd,productLabel,Value (kUSD),Balance (kUSD),Quantity,Quantity Unit,Unit Value,Unit Value Unit,Share (%),Share Partner Country (%),,Ranking Partners,Growth Value 5Y (%),Growth Value 2Y (%),Growth Value Partners 5Y (%),Growth Quantity 5Y (%)
170,Colombia,000,Mundo,060311,"Rosas ""flores y capullos"", cortadas para ramos o adornos, frescas",429509,429244,61015.000,Toneladas,7039.400147504711956076374662,USD/Toneladas,100.0000000000000000,,100,,4,1,4,-1
170,Colombia,842,Estados Unidos de América,060311,"Rosas ""flores y capullos"", cortadas para ramos o adornos, frescas",333643,333643,47359.000,Toneladas,7044.9756118161278743216706434,USD/Toneladas,77.6800951784479487,56.21474,29.4337,1,4,0,8,-1
170,Colombia,724,España,060311,"Rosas ""flores y capullos"", cortadas para ramos o adornos, frescas",22287,22287,3503.000,Toneladas,6362.2609192121039109334855838,USD/Toneladas,5.1889483107455257,37.56067,1.871494,9,25,17,12,20
170,Colombia,826,Reino Unido,060311,"Rosas ""flores y capullos"", cortadas para ramos o adornos, frescas",12759,12759,2103.000,Toneladas,6067.0470756062767475035663338,USD/Toneladas,2.9706013145242591,6.94668,6.947742,4,6,15,4,10
170,Colombia,124,Canadá,060311,"Rosas ""flores y capullos"", cortadas para ramos o adornos, frescas",12121,12121,1613.000,Toneladas,7514.569125852448853068815871,USD/Toneladas,2.8220596075984438,53.02396,1.719932,10,-1,7,3,-5
170,Colombia,616,Polonia,060311,"Rosas ""flores y capullos"", cortadas para ramos o adornos, frescas",7319,7319,868.000,Toneladas,8432.027649769585253456221198,USD/Toneladas,1.7040387977900347,3.106058,2.502788,7,9,5,8,0
170,Colombia,528,Países Bajos,060311,"Rosas ""flores y capullos"", cortadas para ramos o adornos, frescas",6474,6474,722.000,Toneladas,8966.759002770083102493074792,USD/Toneladas,1.5073025245105458,1.570183,17.14857,2,-8,-17,3,-11
170,Colombia,410,"Corea, República de",060311,"Rosas ""flores y capullos"", cortadas para ramos o adornos, frescas",4496,4496,716.000,Toneladas,6279.3296089385474860335195531,USD/Toneladas,1.0467766682421090,62.59066,0.2992422,34,24,10,22,21
170,Colombia,076,Brasil,060311,"Rosas ""flores y capullos"", cortadas para ramos o adornos, frescas",3321,3321,388.000,Toneladas,8559.278350515463917525773196,USD/Toneladas,0.7732084775871984,62.9948,0.1317254,51,35,79,35,26
170,Colombia,398,Kazajstán,060311,"Rosas ""flores y capullos"", cortadas para ramos o adornos, frescas",2930,2930,369.000,Toneladas,7940.379403794037940379403794,USD/Toneladas,0.6821742966969260,3.943179,1.15594,14,14,-30,19,8
170,Colombia,642,Rumania,060311,"Rosas ""flores y capullos"", cortadas para ramos o adornos, frescas",2555,2555,436.000,Toneladas,5860.0917431192660550458715596,USD/Toneladas,0.5948652996794014,,1.019961,15,0,-2,14,-1
170,Colombia,591,Panamá,060311,"Rosas ""flores y capullos"", cortadas para ramos o adornos, frescas",2358,2358,289.000,Toneladas,8159.16955017301038062283737,USD/Toneladas,0.5489989732461951,59.13279,0.08705587,60,8,11,9,-1
170,Colombia,381,Italia,060311,"Rosas ""flores y capullos"", cortadas para ramos o adornos, frescas",2113,2113,225.000,Toneladas,9391.111111111111111111111111,USD/Toneladas,0.4919570951947456,0.3674464,2.895749,6,-6,-7,12,-15
170,Colombia,203,República Checa,060311,"Rosas ""flores y capullos"", cortadas para ramos o adornos, frescas",1539,1539,166.000,Toneladas,9271.084337349397590361445783,USD/Toneladas,0.3583161237599212,2.947888,1.013214,16,-3,-31,7,-18
170,Colombia,036,Australia,060311,"Rosas ""flores y capullos"", cortadas para ramos o adornos, frescas",1507,1507,152.000,Toneladas,9914.473684210526315789473684,USD/Toneladas,0.3508657560144258,4.836194,0.6200337,21,1,-16,-2,-6
170,Colombia,348,Hungría,060311,"Rosas ""flores y capullos"", cortadas para ramos o adornos, frescas",1252,1252,696.000,Toneladas,1798.8505747126436781609195402,USD/Toneladas,0.2914956380425090,0.04077056,0.2314683,39,49,64,10,94
170,Colombia,643,"Rusia, Federación de",060311,"Rosas ""flores y capullos"", cortadas para ramos o adornos, frescas",1064,1064,98.000,Toneladas,10857.142857142857142857142857,USD/Toneladas,0.2477247275377233,1.702972,1.474047,12,-41,-29,-21,-47
170,Colombia,376,Israel,060311,"Rosas ""flores y capullos"", cortadas para ramos o adornos, frescas",944,944,68.000,Toneladas,13882.352941176470588235294118,USD/Toneladas,0.2197858484921154,,,,-17,-26,,-24
170,Colombia,784,Emiratos Árabes Unidos,060311,"Rosas ""flores y capullos"", cortadas para ramos o adornos, frescas",896,896,104.000,Toneladas,8615.384615384615384615384615,USD/Toneladas,0.2086102968738723,2.27492,0.9292327,17,-16,18,15,-21
170,Colombia,392,Japón,060311,"Rosas ""flores y capullos"", cortadas para ramos o adornos, frescas",854,854,115.000,Toneladas,7426.0869565217391304347826087,USD/Toneladas,0.1988316892079095,6.296678,0.3664503,31,-7,4,1,-11
170,Colombia,554,Nueva Zelandia,060311,"Rosas ""flores y capullos"", cortadas para ramos o adornos, frescas",796,796,95.000,Toneladas,8378.947368421052631578947368,USD/Toneladas,0.1853278976691990,60.93179,0.07749026,62,19,23,16,14
170,Colombia,251,Francia,060311,"Rosas ""flores y capullos"", cortadas para ramos o adornos, frescas",592,592,59.000,Toneladas,10033.898305084745762711864407,USD/Toneladas,0.1378318032916656,1.187898,3.072481,5,2,11,-6,-9
170,Colombia,804,Ucrania,060311,"Rosas ""flores y capullos"", cortadas para ramos o adornos, frescas",589,589,73.000,Toneladas,8068.493150684931506849315068,USD/Toneladas,0.1371333313155254,3.027344,0.4590234,27,-19,-31,-5,-22
170,Colombia,112,Belarús,060311,"Rosas ""flores y capullos"", cortadas para ramos o adornos, frescas",526,526,50.000,Toneladas,10520,USD/Toneladas,0.1224654198165813,10.0516,0.1234609,52,-14,-17,-42,-29
170,Colombia,214,República Dominicana,060311,"Rosas ""flores y capullos"", cortadas para ramos o adornos, frescas",514,514,59.000,Toneladas,8711.864406779661016949152542,USD/Toneladas,0.1196715319120205,23.31861,0.09611677,55,-2,18,10,-3
170,Colombia,032,Argentina,060311,"Rosas ""flores y capullos"", cortadas para ramos o adornos, frescas",475,475,62.000,Toneladas,7661.2903225806451612903225806,USD/Toneladas,0.1105913962221979,19.24799,0.02635605,78,14,41,21,6
170,Colombia,620,Portugal,060311,"Rosas ""flores y capullos"", cortadas para ramos o adornos, frescas",468,468,52.000,Toneladas,9000,USD/Toneladas,0.1089616282778708,0.6547177,0.5080932,25,74,4,6,45
170,Colombia,218,Ecuador,060311,"Rosas ""flores y capullos"", cortadas para ramos o adornos, frescas",418,153,50.000,Toneladas,8360,USD/Toneladas,0.0973204286755342,,,,40,-57,,29
170,Colombia,499,Montenegro,060311,"Rosas ""flores y capullos"", cortadas para ramos o adornos, frescas",385,385,36.000,Toneladas,10694.444444444444444444444444,USD/Toneladas,0.0896372369379920,24.53792,0.03701291,72,26,5,15,8
170,Colombia,040,Austria,060311,"Rosas ""flores y capullos"", cortadas para ramos o adornos, frescas",353,353,27.000,Toneladas,13074.074074074074074074074074,USD/Toneladas,0.0821868691924965,,0.8132367,18,,133,-3,
170,Colombia,048,Bahrein,060311,"Rosas ""flores y capullos"", cortadas para ramos o adornos, frescas",309,309,22.000,Toneladas,14045.454545454545454545454545,USD/Toneladas,0.0719426135424403,11.28561,0.0645909,64,2,-6,1,-17
170,Colombia,414,Kuwait,060311,"Rosas ""flores y capullos"", cortadas para ramos o adornos, frescas",300,300,28.000,Toneladas,10714.285714285714285714285714,USD/Toneladas,0.0698471976140197,3.263708,0.2168731,43,-15,-22,-4,-24
170,Colombia,533,Aruba,060311,"Rosas ""flores y capullos"", cortadas para ramos o adornos, frescas",283,283,18.000,Toneladas,15722.222222222222222222222222,USD/Toneladas,0.0658891897492253,97.92387,0.006808789,97,14,-18,14,2
170,Colombia,428,Letonia,060311,"Rosas ""flores y capullos"", cortadas para ramos o adornos, frescas",252,252,49.000,Toneladas,5142.8571428571428571428571429,USD/Toneladas,0.0586716459957766,,0.2835847,36,12,-4,7,15
170,Colombia,705,Eslovenia,060311,"Rosas ""flores y capullos"", cortadas para ramos o adornos, frescas",235,235,29.000,Toneladas,8103.448275862068965517241379,USD/Toneladas,0.0547136381309821,6.475138,0.2135143,44,15,-13,11,10
170,Colombia,440,Lituania,060311,"Rosas ""flores y capullos"", cortadas para ramos o adornos, frescas",225,225,39.000,Toneladas,5769.2307692307692307692307692,USD/Toneladas,0.0523853982105148,1.242978,0.3948008,29,79,,-1,150
170,Colombia,152,Chile,060311,"Rosas ""flores y capullos"", cortadas para ramos o adornos, frescas",220,220,33.000,Toneladas,6666.6666666666666666666666667,USD/Toneladas,0.0512212782502811,3.827362,0.2317779,38,-25,4,4,-23
170,Colombia,188,Costa Rica,060311,"Rosas ""flores y capullos"", cortadas para ramos o adornos, frescas",204,204,16.000,Toneladas,12750,USD/Toneladas,0.0474960943775334,20.54795,0.01033716,88,-3,73,15,-8
170,Colombia,531,Curaçao,060311,"Rosas ""flores y capullos"", cortadas para ramos o adornos, frescas",183,183,26.000,Toneladas,7038.4615384615384615384615385,USD/Toneladas,0.0426067905445520,69.0566,0.006261938,100,0,-38,5,2
170,Colombia,070,Bosnia y Herzegovina,060311,"Rosas ""flores y capullos"", cortadas para ramos o adornos, frescas",160,160,21.000,Toneladas,7619.047619047619047619047619,USD/Toneladas,0.0372518387274772,16.56805,0.09170485,58,4,37,17,1
170,Colombia,191,Croacia,060311,"Rosas ""flores y capullos"", cortadas para ramos o adornos, frescas",157,157,10.000,Toneladas,15700,USD/Toneladas,0.0365533667513370,,0.2482664,37,168,41,14,78
170,Colombia,780,Trinidad y Tobago,060311,"Rosas ""flores y capullos"", cortadas para ramos o adornos, frescas",151,151,16.000,Toneladas,9437.5,USD/Toneladas,0.0351564227990566,22.04725,0.008990656,90,-3,20,4,5
170,Colombia,320,Guatemala,060311,"Rosas ""flores y capullos"", cortadas para ramos o adornos, frescas",134,134,11.000,Toneladas,12181.818181818181818181818182,USD/Toneladas,0.0311984149342621,74.76636,0.002524375,113,11,707,80,16
170,Colombia,388,Jamaica,060311,"Rosas ""flores y capullos"", cortadas para ramos o adornos, frescas",128,128,13.000,Toneladas,9846.153846153846153846153846,USD/Toneladas,0.0298014709819818,33.33333,0.007431712,95,12,18,18,1
170,Colombia,498,"Moldova, República de",060311,"Rosas ""flores y capullos"", cortadas para ramos o adornos, frescas",96,96,6.000,Toneladas,16000,USD/Toneladas,0.0223511032364863,1.219512,0.2186103,42,,0,30,
170,Colombia,860,Uzbekistán,060311,"Rosas ""flores y capullos"", cortadas para ramos o adornos, frescas",95,95,12.000,Toneladas,7916.6666666666666666666666667,USD/Toneladas,0.0221182792444396,4.170325,0.05374001,68,,204,77,111
170,Colombia,634,Qatar,060311,"Rosas ""flores y capullos"", cortadas para ramos o adornos, frescas",93,93,13.000,Toneladas,7153.8461538461538461538461538,USD/Toneladas,0.0216526312603461,0.5836942,0.3758955,30,10,138,13,41
170,Colombia,268,Georgia,060311,"Rosas ""flores y capullos"", cortadas para ramos o adornos, frescas",79,79,12.000,Toneladas,6583.3333333333333333333333333,USD/Toneladas,0.0183930953716919,,0.3045132,33,115,-81,72,119
170,Colombia,246,Finlandia,060311,"Rosas ""flores y capullos"", cortadas para ramos o adornos, frescas",72,72,12.000,Toneladas,6000,USD/Toneladas,0.0167633274273647,0.02316638,0.509202,24,634,292,1,
170,Colombia,792,Türkiye,060311,"Rosas ""flores y capullos"", cortadas para ramos o adornos, frescas",68,68,9.000,Toneladas,7555.5555555555555555555555556,USD/Toneladas,0.0158320314591778,0.06080259,0.1164134,53,,-11,25,31
170,Colombia,490,Taipei Chino,060311,"Rosas ""flores y capullos"", cortadas para ramos o adornos, frescas",52,52,9.000,Toneladas,5777.7777777777777777777777778,USD/Toneladas,0.0121068475864301,25.05695,0.01035551,87,26,-33,43,35
170,Colombia,372,Irlanda,060311,"Rosas ""flores y capullos"", cortadas para ramos o adornos, frescas",49,49,3.000,Toneladas,16333.333333333333333333333333,USD/Toneladas,0.0114083756102899,0.2838502,0.5568829,22,14,-16,6,-8
170,Colombia,344,"Hong Kong, China",060311,"Rosas ""flores y capullos"", cortadas para ramos o adornos, frescas",43,43,7.000,Toneladas,6142.8571428571428571428571429,USD/Toneladas,0.0100114316580095,2.477478,0.03141565,75,-31,270,2,-21
170,Colombia,156,China,060311,"Rosas ""flores y capullos"", cortadas para ramos o adornos, frescas",40,40,4.000,Toneladas,10000,USD/Toneladas,0.0093129596818693,0.435161,0.08132069,61,-42,-45,-12,-43
170,Colombia,056,Bélgica,060311,"Rosas ""flores y capullos"", cortadas para ramos o adornos, frescas",39,39,9.000,Toneladas,4333.3333333333333333333333333,USD/Toneladas,0.0090801356898226,0.003263814,0.7228616,19,30,2193,-19,46
170,Colombia,757,Suiza,060311,"Rosas ""flores y capullos"", cortadas para ramos o adornos, frescas",36,36,6.000,Toneladas,6000,USD/Toneladas,0.0083816637136824,0.03429943,1.650829,11,46,22,-1,43
170,Colombia,849,Estados Unidos Minor periferico Islas,060311,"Rosas ""flores y capullos"", cortadas para ramos o adornos, frescas",33,33,4.000,Toneladas,8250,USD/Toneladas,0.0076831917375422,21.29032,0.003662053,109,50,-37,-9,58
170,Colombia,682,Arabia Saudita,060311,"Rosas ""flores y capullos"", cortadas para ramos o adornos, frescas",32,32,1.000,Toneladas,32000,USD/Toneladas,0.0074503677454954,1.606703,2.320071,8,52,165,1,0
170,Colombia,300,Grecia,060311,"Rosas ""flores y capullos"", cortadas para ramos o adornos, frescas",30,30,5.000,Toneladas,6000,USD/Toneladas,0.0069847197614020,0.4773595,0.3459542,32,,,22,
170,Colombia,688,Serbia,060311,"Rosas ""flores y capullos"", cortadas para ramos o adornos, frescas",24,24,2.000,Toneladas,12000,USD/Toneladas,0.0055877758091216,2.279412,0.1925246,45,,-56,30,
170,Colombia,740,Suriname,060311,"Rosas ""flores y capullos"", cortadas para ramos o adornos, frescas",22,22,1.000,Toneladas,22000,USD/Toneladas,0.0051221278250281,75.86207,0.0006794661,132,,307,-11,
170,Colombia,579,Noruega,060311,"Rosas ""flores y capullos"", cortadas para ramos o adornos, frescas",19,19,1.000,Toneladas,19000,USD/Toneladas,0.0044236558488879,0.04820632,1.17458,13,-22,-20,0,-40
170,Colombia,408,"Corea, República Popular Democrática de",060311,"Rosas ""flores y capullos"", cortadas para ramos o adornos, frescas",15,15,3.000,Toneladas,5000,USD/Toneladas,0.0034923598807010,93.75,0.000381931,142,,,-59,
170,Colombia,051,Armenia,060311,"Rosas ""flores y capullos"", cortadas para ramos o adornos, frescas",13,13,2.000,Toneladas,6500,USD/Toneladas,0.0030267118966075,3.448276,0.008894461,91,,164,15,
170,Colombia,504,Marruecos,060311,"Rosas ""flores y capullos"", cortadas para ramos o adornos, frescas",13,13,2.000,Toneladas,6500,USD/Toneladas,0.0030267118966075,13.50211,0.005601186,103,11,-45,28,20
170,Colombia,858,Uruguay,060311,"Rosas ""flores y capullos"", cortadas para ramos o adornos, frescas",13,13,1.000,Toneladas,13000,USD/Toneladas,0.0030267118966075,0.8412198,0.04486456,71,-11,,14,-16
170,Colombia,702,Singapur,060311,"Rosas ""flores y capullos"", cortadas para ramos o adornos, frescas",11,11,2.000,Toneladas,5500,USD/Toneladas,0.0025610639125141,3.425506,0.0571561,67,-32,-44,5,-23
170,Colombia,044,Bahamas,060311,"Rosas ""flores y capullos"", cortadas para ramos o adornos, frescas",7,7,0.000,Toneladas,,,0.0016297679443271,,0.006679339,98,-7,-59,21,
170,Colombia,384,Côte d'Ivoire,060311,"Rosas ""flores y capullos"", cortadas para ramos o adornos, frescas",7,7,2.000,Toneladas,3500,USD/Toneladas,0.0016297679443271,0.1269035,0.01859466,80,,,7,
170,Colombia,233,Estonia,060311,"Rosas ""flores y capullos"", cortadas para ramos o adornos, frescas",6,6,1.000,Toneladas,6000,USD/Toneladas,0.0013969439522804,3.377551,0.2312088,40,106,133,19,
170,Colombia,031,Azerbaiyán,060311,"Rosas ""flores y capullos"", cortadas para ramos o adornos, frescas",3,3,1.000,Toneladas,3000,USD/Toneladas,0.0006984719761402,8.369081,0.2914883,35,-57,-82,41,-42
170,Colombia,752,Suecia,060311,"Rosas ""flores y capullos"", cortadas para ramos o adornos, frescas",3,3,0.000,Toneladas,,,0.0006984719761402,0.01041775,0.6794,20,14,,-3,
170,Colombia,360,Indonesia,060311,"Rosas ""flores y capullos"", cortadas para ramos o adornos, frescas",2,2,0.000,Toneladas,,,0.0004656479840935,,0.002410516,114,58,-13,30,
170,Colombia,276,Alemania,060311,"Rosas ""flores y capullos"", cortadas para ramos o adornos, frescas",1,1,0.000,Toneladas,,,0.0002328239920467,0.05157084,9.69862,3,-53,,0,
170,Colombia,328,Guyana,060311,"Rosas ""flores y capullos"", cortadas para ramos o adornos, frescas",1,1,0.000,Toneladas,,,0.0002328239920467,,0.00007996053,158,6,,,
170,Colombia,558,Nicaragua,060311,"Rosas ""flores y capullos"", cortadas para ramos o adornos, frescas",1,1,0.000,Toneladas,,,0.0002328239920467,0.04761905,0.04954766,69,,,24,
170,Colombia,604,Perú,060311,"Rosas ""flores y capullos"", cortadas para ramos o adornos, frescas",1,1,0.000,Toneladas,,,0.0002328239920467,0.1568628,0.03006951,76,,,17,
170,Colombia,703,Eslovaquia,060311,"Rosas ""flores y capullos"", cortadas para ramos o adornos, frescas",1,1,0.000,Toneladas,,,0.0002328239920467,0.2914193,0.4371734,28,-76,,11,
