reporterCd,reporterLabel,partnerCd,partnerLabel,productCd,productLabel,Value (kUSD),Balance (kUSD),Quantity,Quantity Unit,Unit Value,Unit Value Unit,Share World (%),Growth Value 5Y (%),Growth Value 2Y (%),Growth Quantity 5Y (%)
000,Mundo,000,Mundo,060311,"Rosas ""flores y capullos"", cortadas para ramos o adornos, frescas",3830991,-407602,0.000,No medida,,,100,2,9,
528,Países Bajos,000,Mundo,060311,"Rosas ""flores y capullos"", cortadas para ramos o adornos, frescas",1534472,807614,422364.000,Toneladas,3633.0558475627657660217253364,USD/Toneladas,40.05417,0,13,19
218,Ecuador,000,Mundo,060311,"Rosas ""flores y capullos"", cortadas para ramos o adornos, frescas",791211,791211,145227.000,Toneladas,5448.0984940816790266272800512,USD/Toneladas,20.65292,4,3,3
404,Kenya,000,Mundo,060311,"Rosas ""flores y capullos"", cortadas para ramos o adornos, frescas",552168,552166,126990.000,Toneladas,4348.1218993621545003543586109,USD/Toneladas,14.41319,1,8,-2
170,Colombia,000,Mundo,060311,"Rosas ""flores y capullos"", cortadas para ramos o adornos, frescas",429509,429244,61015.000,Toneladas,7039.400147504711956076374662,USD/Toneladas,11.21143,4,1,-1
231,Etiopía,000,Mundo,060311,"Rosas ""flores y capullos"", cortadas para ramos o adornos, frescas",265016,265003,0.000,No medida,,,6.917695,2,5,
156,China,000,Mundo,060311,"Rosas ""flores y capullos"", cortadas para ramos o adornos, frescas",64338,60891,18258.000,Toneladas,3523.8251725271114032205060795,USD/Toneladas,1.67942,41,148,53
724,España,000,Mundo,060311,"Rosas ""flores y capullos"", cortadas para ramos o adornos, frescas",35703,-43622,3501.000,Toneladas,10197.943444730077120822622108,USD/Toneladas,0.9319519,34,130,-4
051,Armenia,000,Mundo,060311,"Rosas ""flores y capullos"", cortadas para ramos o adornos, frescas",27729,27352,6473.000,Toneladas,4283.7942221535609454657809362,USD/Toneladas,0.7238074,44,6,39
320,Guatemala,000,Mundo,060311,"Rosas ""flores y capullos"", cortadas para ramos o adornos, frescas",24793,24686,10438.000,Toneladas,2375.2634604330331481126652615,USD/Toneladas,0.6471589,10,14,3
276,Alemania,000,Mundo,060311,"Rosas ""flores y capullos"", cortadas para ramos o adornos, frescas",20095,-390990,2049.000,Toneladas,9807.223035627135187896534895,USD/Toneladas,0.5245379,-3,9,-5
056,Bélgica,000,Mundo,060311,"Rosas ""flores y capullos"", cortadas para ramos o adornos, frescas",18381,-12258,2160.000,Toneladas,8509.722222222222222222222222,USD/Toneladas,0.4797944,-25,24,-35
381,Italia,000,Mundo,060311,"Rosas ""flores y capullos"", cortadas para ramos o adornos, frescas",9452,-113287,251.000,Toneladas,37657.370517928286852589641434,USD/Toneladas,0.2467246,42,18,18
842,Estados Unidos de América,000,Mundo,060311,"Rosas ""flores y capullos"", cortadas para ramos o adornos, frescas",8205,-1239370,15388395.000,Unidad,0.5331940075621921584414748907,USD/Unidad,0.2141789,-1,-2,-5
616,Polonia,000,Mundo,060311,"Rosas ""flores y capullos"", cortadas para ramos o adornos, frescas",6801,-99282,730.000,Toneladas,9316.438356164383561643835616,USD/Toneladas,0.1775258,-1,13,-7
699,India,000,Mundo,060311,"Rosas ""flores y capullos"", cortadas para ramos o adornos, frescas",6060,6050,1215.000,Toneladas,4987.654320987654320987654321,USD/Toneladas,0.1581949,7,3,3
620,Portugal,000,Mundo,060311,"Rosas ""flores y capullos"", cortadas para ramos o adornos, frescas",5191,-16345,513.000,Toneladas,10118.908382066276803118908382,USD/Toneladas,0.1355002,6,3,8
203,República Checa,000,Mundo,060311,"Rosas ""flores y capullos"", cortadas para ramos o adornos, frescas",4023,-38923,1076.000,Toneladas,3738.8475836431226765799256506,USD/Toneladas,0.105012,18,-22,32
800,Uganda,000,Mundo,060311,"Rosas ""flores y capullos"", cortadas para ramos o adornos, frescas",3859,3821,532.000,Toneladas,7253.7593984962406015037593985,USD/Toneladas,0.1007294,-2,2,-7
208,Dinamarca,000,Mundo,060311,"Rosas ""flores y capullos"", cortadas para ramos o adornos, frescas",2692,-19073,134.000,Toneladas,20089.552238805970149253731343,USD/Toneladas,0.07026902,108,462,62
372,Irlanda,000,Mundo,060311,"Rosas ""flores y capullos"", cortadas para ramos o adornos, frescas",2680,-20924,109.000,Toneladas,24587.155963302752293577981651,USD/Toneladas,0.06995578,,-7,102
703,Eslovaquia,000,Mundo,060311,"Rosas ""flores y capullos"", cortadas para ramos o adornos, frescas",2636,-15894,361.000,Toneladas,7301.9390581717451523545706371,USD/Toneladas,0.06880725,69,273,45
710,Sudáfrica,000,Mundo,060311,"Rosas ""flores y capullos"", cortadas para ramos o adornos, frescas",2241,-1490,294.000,Toneladas,7622.448979591836734693877551,USD/Toneladas,0.05849259,1,-33,-6
428,Letonia,000,Mundo,060311,"Rosas ""flores y capullos"", cortadas para ramos o adornos, frescas",1795,-10225,230.000,Toneladas,7804.3478260869565217391304348,USD/Toneladas,0.04685471,-12,23,-11
251,Francia,000,Mundo,060311,"Rosas ""flores y capullos"", cortadas para ramos o adornos, frescas",1711,-128519,160.000,Toneladas,10693.75,USD/Toneladas,0.04467301,9,-5,11
894,Zambia,000,Mundo,060311,"Rosas ""flores y capullos"", cortadas para ramos o adornos, frescas",870,853,132.000,Toneladas,6590.9090909090909090909090909,USD/Toneladas,0.02271643,-54,280,-59
364,"Irán, República Islámica del",000,Mundo,060311,"Rosas ""flores y capullos"", cortadas para ramos o adornos, frescas",791,752,0.000,No medida,,,0.02064267,192,342,
704,Viet Nam,000,Mundo,060311,"Rosas ""flores y capullos"", cortadas para ramos o adornos, frescas",706,-6939,116.000,Toneladas,6086.2068965517241379310344828,USD/Toneladas,0.01843309,33,27,64
764,Tailandia,000,Mundo,060311,"Rosas ""flores y capullos"", cortadas para ramos o adornos, frescas",671,-4090,384.000,Toneladas,1747.3958333333333333333333333,USD/Toneladas,0.01752196,40,-30,1
040,Austria,000,Mundo,060311,"Rosas ""flores y capullos"", cortadas para ramos o adornos, frescas",642,-33828,17.000,Toneladas,37764.705882352941176470588235,USD/Toneladas,0.01676041,-27,-26,-22
586,Pakistán,000,Mundo,060311,"Rosas ""flores y capullos"", cortadas para ramos o adornos, frescas",593,-39,380.000,Toneladas,1560.5263157894736842105263158,USD/Toneladas,0.01547799,73,14,58
410,"Corea, República de",000,Mundo,060311,"Rosas ""flores y capullos"", cortadas para ramos o adornos, frescas",552,-12132,159.000,Toneladas,3471.6981132075471698113207547,USD/Toneladas,0.01441165,-18,7,-12
642,Rumania,000,Mundo,060311,"Rosas ""flores y capullos"", cortadas para ramos o adornos, frescas",551,-42681,62.000,Toneladas,8887.096774193548387096774194,USD/Toneladas,0.0143827,120,85,104
348,Hungría,000,Mundo,060311,"Rosas ""flores y capullos"", cortadas para ramos o adornos, frescas",463,-9348,71.000,Toneladas,6521.1267605633802816901408451,USD/Toneladas,0.01208564,6,-41,6
818,Egipto,000,Mundo,060311,"Rosas ""flores y capullos"", cortadas para ramos o adornos, frescas",415,-6003,41.000,Toneladas,10121.951219512195121951219512,USD/Toneladas,0.0108327,0,-11,-11
682,Arabia Saudita,000,Mundo,060311,"Rosas ""flores y capullos"", cortadas para ramos o adornos, frescas",363,-97975,61.000,Toneladas,5950.8196721311475409836065574,USD/Toneladas,0.009483566,268,18,65
826,Reino Unido,000,Mundo,060311,"Rosas ""flores y capullos"", cortadas para ramos o adornos, frescas",360,-294126,26.000,Toneladas,13846.153846153846153846153846,USD/Toneladas,0.009407335,-26,-16,-21
484,México,000,Mundo,060311,"Rosas ""flores y capullos"", cortadas para ramos o adornos, frescas",278,278,106.000,Toneladas,2622.6415094339622641509433962,USD/Toneladas,0.007256607,-54,-71,-56
458,Malasia,000,Mundo,060311,"Rosas ""flores y capullos"", cortadas para ramos o adornos, frescas",276,-9395,63.000,Toneladas,4380.952380952380952380952381,USD/Toneladas,0.007211291,38,58,35
643,"Rusia, Federación de",000,Mundo,060311,"Rosas ""flores y capullos"", cortadas para ramos o adornos, frescas",250,-62229,176.000,Toneladas,1420.4545454545454545454545455,USD/Toneladas,0.006513344,12,-48,35
417,Kirguistán,000,Mundo,060311,"Rosas ""flores y capullos"", cortadas para ramos o adornos, frescas",240,-19600,64.000,Toneladas,3750,USD/Toneladas,0.006264697,36,,63
440,Lituania,000,Mundo,060311,"Rosas ""flores y capullos"", cortadas para ramos o adornos, frescas",239,-16495,19.000,Toneladas,12578.947368421052631578947368,USD/Toneladas,0.006238594,-49,-54,-53
752,Suecia,000,Mundo,060311,"Rosas ""flores y capullos"", cortadas para ramos o adornos, frescas",199,-28598,20.000,Toneladas,9950,USD/Toneladas,0.005194478,-16,-24,-5
246,Finlandia,000,Mundo,060311,"Rosas ""flores y capullos"", cortadas para ramos o adornos, frescas",198,-21385,12.000,Toneladas,16500,USD/Toneladas,0.005168375,25,60,14
300,Grecia,000,Mundo,060311,"Rosas ""flores y capullos"", cortadas para ramos o adornos, frescas",172,-14492,15.000,Toneladas,11466.666666666666666666666667,USD/Toneladas,0.004487135,0,65,-17
422,Líbano,000,Mundo,060311,"Rosas ""flores y capullos"", cortadas para ramos o adornos, frescas",156,-385,22.000,Toneladas,7090.9090909090909090909090909,USD/Toneladas,0.004074164,-2,-13,22
360,Indonesia,000,Mundo,060311,"Rosas ""flores y capullos"", cortadas para ramos o adornos, frescas",139,37,49.000,Toneladas,2836.7346938775510204081632653,USD/Toneladas,0.003617775,180,-22,165
398,Kazajstán,000,Mundo,060311,"Rosas ""flores y capullos"", cortadas para ramos o adornos, frescas",137,-48859,376.000,Toneladas,364.36170212765957446808510638,USD/Toneladas,0.003577189,-37,-96,-19
716,Zimbabwe,000,Mundo,060311,"Rosas ""flores y capullos"", cortadas para ramos o adornos, frescas",120,103,158.000,Toneladas,759.49367088607594936708860759,USD/Toneladas,0.003128054,-27,12,-22
646,Ruanda,000,Mundo,060311,"Rosas ""flores y capullos"", cortadas para ramos o adornos, frescas",108,100,18.000,Toneladas,6000,USD/Toneladas,0.002815584,-76,622,-76
860,Uzbekistán,000,Mundo,060311,"Rosas ""flores y capullos"", cortadas para ramos o adornos, frescas",106,-2172,27.000,Toneladas,3925.9259259259259259259259259,USD/Toneladas,0.002764724,-28,-24,-18
804,Ucrania,000,Mundo,060311,"Rosas ""flores y capullos"", cortadas para ramos o adornos, frescas",85,-19371,5.000,Toneladas,17000,USD/Toneladas,0.002218747,-61,-32,-32
504,Marruecos,000,Mundo,060311,"Rosas ""flores y capullos"", cortadas para ramos o adornos, frescas",71,-166,3.000,Toneladas,23666.666666666666666666666667,USD/Toneladas,0.001857519,59,-35,20
792,Türkiye,000,Mundo,060311,"Rosas ""flores y capullos"", cortadas para ramos o adornos, frescas",70,-4864,14.000,Toneladas,5000,USD/Toneladas,0.001837958,4,-6,-5
392,Japón,000,Mundo,060311,"Rosas ""flores y capullos"", cortadas para ramos o adornos, frescas",68,-15464,1.000,Toneladas,68000,USD/Toneladas,0.001770225,30,-2,-13
124,Canadá,000,Mundo,060311,"Rosas ""flores y capullos"", cortadas para ramos o adornos, frescas",53,-72848,0.000,No medida,,,0.001387598,-4,62,
512,Omán,000,Mundo,060311,"Rosas ""flores y capullos"", cortadas para ramos o adornos, frescas",50,-6095,42.000,Toneladas,1190.4761904761904761904761905,USD/Toneladas,0.001297484,-19,13,16
604,Perú,000,Mundo,060311,"Rosas ""flores y capullos"", cortadas para ramos o adornos, frescas",39,-1236,76.000,Toneladas,513.15789473684210526315789474,USD/Toneladas,0.001016617,-6,-33,-5
490,Taipei Chino,000,Mundo,060311,"Rosas ""flores y capullos"", cortadas para ramos o adornos, frescas",35,-404,2.000,Toneladas,17500,USD/Toneladas,0.0009158454,75,34,23
262,Djibouti,000,Mundo,060311,"Rosas ""flores y capullos"", cortadas para ramos o adornos, frescas",26,26,2.000,Toneladas,13000,USD/Toneladas,0.0006786755,,,
531,Curaçao,000,Mundo,060311,"Rosas ""flores y capullos"", cortadas para ramos o adornos, frescas",25,-240,3.000,Toneladas,8333.333333333333333333333333,USD/Toneladas,0.0006525726,133,,
191,Croacia,000,Mundo,060311,"Rosas ""flores y capullos"", cortadas para ramos o adornos, frescas",17,-10506,2.000,Toneladas,8500,USD/Toneladas,0.0004437494,-40,-97,-36
288,Ghana,000,Mundo,060311,"Rosas ""flores y capullos"", cortadas para ramos o adornos, frescas",16,-222,1.000,Toneladas,16000,USD/Toneladas,0.0004259928,,189,
702,Singapur,000,Mundo,060311,"Rosas ""flores y capullos"", cortadas para ramos o adornos, frescas",11,-2412,1.000,Toneladas,11000,USD/Toneladas,0.000286524,-6,548,
554,Nueva Zelandia,000,Mundo,060311,"Rosas ""flores y capullos"", cortadas para ramos o adornos, frescas",9,-3275,1.000,Toneladas,9000,USD/Toneladas,0.0002474841,-10,-58,12
784,Emiratos Árabes Unidos,000,Mundo,060311,"Rosas ""flores y capullos"", cortadas para ramos o adornos, frescas",9,-39377,0.000,No medida,,,0.0002369697,-71,-41,
004,Afganistán,000,Mundo,060311,"Rosas ""flores y capullos"", cortadas para ramos o adornos, frescas",7,-16,0.000,No medida,,,0.000176012,27,26,
100,Bulgaria,000,Mundo,060311,"Rosas ""flores y capullos"", cortadas para ramos o adornos, frescas",6,-5770,1.000,Toneladas,6000,USD/Toneladas,0.0001609434,,-41,
740,Suriname,000,Mundo,060311,"Rosas ""flores y capullos"", cortadas para ramos o adornos, frescas",6,-23,1.000,Toneladas,6000,USD/Toneladas,0.0001687572,206,-34,
268,Georgia,000,Mundo,060311,"Rosas ""flores y capullos"", cortadas para ramos o adornos, frescas",4,-12903,1.000,Toneladas,4000,USD/Toneladas,0.00009397046,,,
344,"Hong Kong, China",000,Mundo,060311,"Rosas ""flores y capullos"", cortadas para ramos o adornos, frescas",3,-1329,0.000,Toneladas,,,0.00008705438,37,-37,
152,Chile,000,Mundo,060311,"Rosas ""flores y capullos"", cortadas para ramos o adornos, frescas",3,-9821,5.000,Toneladas,600,USD/Toneladas,0.00006805549,-5,,50
400,Jordania,000,Mundo,060311,"Rosas ""flores y capullos"", cortadas para ramos o adornos, frescas",3,-171,0.000,Toneladas,,,0.0000752978,,,
384,Côte d'Ivoire,000,Mundo,060311,"Rosas ""flores y capullos"", cortadas para ramos o adornos, frescas",2,-786,1.000,Toneladas,2000,USD/Toneladas,0.00004264647,-71,-18,-58
442,Luxemburgo,000,Mundo,060311,"Rosas ""flores y capullos"", cortadas para ramos o adornos, frescas",2,-3082,0.000,Toneladas,,,0.00005220581,-51,,
144,Sri Lanka,000,Mundo,060311,"Rosas ""flores y capullos"", cortadas para ramos o adornos, frescas",2,-170,0.000,Toneladas,,,0.00005220581,,-31,
757,Suiza,000,Mundo,060311,"Rosas ""flores y capullos"", cortadas para ramos o adornos, frescas",2,-69970,0.000,Toneladas,,,0.00006170454,12,16,
760,República Árabe Siria,000,Mundo,060311,"Rosas ""flores y capullos"", cortadas para ramos o adornos, frescas",2,2,1.000,Toneladas,2000,USD/Toneladas,0.00004701254,,,
834,"Tanzanía, República Unida de",000,Mundo,060311,"Rosas ""flores y capullos"", cortadas para ramos o adornos, frescas",1,1,1.000,Toneladas,1000,USD/Toneladas,0.00003027945,,-100,
068,"Bolivia, Estado Plurinacional de",000,Mundo,060311,"Rosas ""flores y capullos"", cortadas para ramos o adornos, frescas",1,1,0.000,Toneladas,,,0.00002975731,20,,
076,Brasil,000,Mundo,060311,"Rosas ""flores y capullos"", cortadas para ramos o adornos, frescas",1,-5582,0.000,Toneladas,,,0.00001461763,-7,,
036,Australia,000,Mundo,060311,"Rosas ""flores y capullos"", cortadas para ramos o adornos, frescas",1,-26280,5.000,Unidad,200,USD/Unidad,0.00003584009,-38,-29,-66
579,Noruega,000,Mundo,060311,"Rosas ""flores y capullos"", cortadas para ramos o adornos, frescas",1,-49785,0.000,Toneladas,,,0.00002662171,,,
533,Aruba,000,Mundo,060311,"Rosas ""flores y capullos"", cortadas para ramos o adornos, frescas",1,-288,0.000,Toneladas,,,0.00003222842,,,
534,San Martin (parte Holandesa),000,Mundo,060311,"Rosas ""flores y capullos"", cortadas para ramos o adornos, frescas",,-25,,,,,,,,
540,Nueva Caledonia,000,Mundo,060311,"Rosas ""flores y capullos"", cortadas para ramos o adornos, frescas",,-7,,,,,,,,
580,Islas Marianas del Norte,000,Mundo,060311,"Rosas ""flores y capullos"", cortadas para ramos o adornos, frescas",,-17,,,,,,,,
558,Nicaragua,000,Mundo,060311,"Rosas ""flores y capullos"", cortadas para ramos o adornos, frescas",,-2100,,,,,,,,
566,Nigeria,000,Mundo,060311,"Rosas ""flores y capullos"", cortadas para ramos o adornos, frescas",,-511,,,,,,,,
591,Panamá,000,Mundo,060311,"Rosas ""flores y capullos"", cortadas para ramos o adornos, frescas",,-3690,,,,,,,,
598,Papua Nueva Guinea,000,Mundo,060311,"Rosas ""flores y capullos"", cortadas para ramos o adornos, frescas",,-6,,,,,,,,
600,Paraguay,000,Mundo,060311,"Rosas ""flores y capullos"", cortadas para ramos o adornos, frescas",,-2459,,,,,,,,
626,Timor-Leste,000,Mundo,060311,"Rosas ""flores y capullos"", cortadas para ramos o adornos, frescas",,-78,,,,,,,,
634,Qatar,000,Mundo,060311,"Rosas ""flores y capullos"", cortadas para ramos o adornos, frescas",,-15933,,,,,,,,
705,Eslovenia,000,Mundo,060311,"Rosas ""flores y capullos"", cortadas para ramos o adornos, frescas",,-9050,,,,,,,,
654,Santa Helena,000,Mundo,060311,"Rosas ""flores y capullos"", cortadas para ramos o adornos, frescas",,-13,,,,,,,,
659,Saint Kitts y Nevis,000,Mundo,060311,"Rosas ""flores y capullos"", cortadas para ramos o adornos, frescas",,-34,,,,,,,,
662,Santa Lucía,000,Mundo,060311,"Rosas ""flores y capullos"", cortadas para ramos o adornos, frescas",,-28,,,,,,,,
688,Serbia,000,Mundo,060311,"Rosas ""flores y capullos"", cortadas para ramos o adornos, frescas",,-8160,,,,,,,,
690,Seychelles,000,Mundo,060311,"Rosas ""flores y capullos"", cortadas para ramos o adornos, frescas",,-176,,,,,,,,
694,Sierra Leona,000,Mundo,060311,"Rosas ""flores y capullos"", cortadas para ramos o adornos, frescas",,-7,,,,,,,,
446,"Macao, China",000,Mundo,060311,"Rosas ""flores y capullos"", cortadas para ramos o adornos, frescas",,-320,,,,,,,,
454,Malawi,000,Mundo,060311,"Rosas ""flores y capullos"", cortadas para ramos o adornos, frescas",,-2,,,,,,,,
462,Maldivas,000,Mundo,060311,"Rosas ""flores y capullos"", cortadas para ramos o adornos, frescas",,-723,,,,,,,,
466,Malí,000,Mundo,060311,"Rosas ""flores y capullos"", cortadas para ramos o adornos, frescas",,-42,,,,,,,,
470,Malta,000,Mundo,060311,"Rosas ""flores y capullos"", cortadas para ramos o adornos, frescas",,-489,,,,,,,,
480,Mauricio,000,Mundo,060311,"Rosas ""flores y capullos"", cortadas para ramos o adornos, frescas",,-83,,,,,,,,
496,Mongolia,000,Mundo,060311,"Rosas ""flores y capullos"", cortadas para ramos o adornos, frescas",,-2070,,,,,,,,
498,"Moldova, República de",000,Mundo,060311,"Rosas ""flores y capullos"", cortadas para ramos o adornos, frescas",,-9266,,,,,,,,
499,Montenegro,000,Mundo,060311,"Rosas ""flores y capullos"", cortadas para ramos o adornos, frescas",,-1569,,,,,,,,
516,Namibia,000,Mundo,060311,"Rosas ""flores y capullos"", cortadas para ramos o adornos, frescas",,-334,,,,,,,,
524,Nepal,000,Mundo,060311,"Rosas ""flores y capullos"", cortadas para ramos o adornos, frescas",,-1,,,,,,,,
508,Mozambique,000,Mundo,060311,"Rosas ""flores y capullos"", cortadas para ramos o adornos, frescas",,-108,,,,,,,,
388,Jamaica,000,Mundo,060311,"Rosas ""flores y capullos"", cortadas para ramos o adornos, frescas",,-315,,,,,,,,
408,"Corea, República Popular Democrática de",000,Mundo,060311,"Rosas ""flores y capullos"", cortadas para ramos o adornos, frescas",,-16,,,,,,,,
426,Lesoto,000,Mundo,060311,"Rosas ""flores y capullos"", cortadas para ramos o adornos, frescas",,-68,,,,,,,,
434,Libia Estado de,000,Mundo,060311,"Rosas ""flores y capullos"", cortadas para ramos o adornos, frescas",,-78,,,,,,,,
418,"Lao, República Democrática Popular",000,Mundo,060311,"Rosas ""flores y capullos"", cortadas para ramos o adornos, frescas",,-9,,,,,,,,
414,Kuwait,000,Mundo,060311,"Rosas ""flores y capullos"", cortadas para ramos o adornos, frescas",,-9192,,,,,,,,
192,Cuba,000,Mundo,060311,"Rosas ""flores y capullos"", cortadas para ramos o adornos, frescas",,-310,,,,,,,,
196,Chipre,000,Mundo,060311,"Rosas ""flores y capullos"", cortadas para ramos o adornos, frescas",,-2479,,,,,,,,
214,República Dominicana,000,Mundo,060311,"Rosas ""flores y capullos"", cortadas para ramos o adornos, frescas",,-4074,,,,,,,,
204,Benin,000,Mundo,060311,"Rosas ""flores y capullos"", cortadas para ramos o adornos, frescas",,-5,,,,,,,,
222,El Salvador,000,Mundo,060311,"Rosas ""flores y capullos"", cortadas para ramos o adornos, frescas",,-6327,,,,,,,,
233,Estonia,000,Mundo,060311,"Rosas ""flores y capullos"", cortadas para ramos o adornos, frescas",,-9800,,,,,,,,
234,Islas Feroe,000,Mundo,060311,"Rosas ""flores y capullos"", cortadas para ramos o adornos, frescas",,-129,,,,,,,,
242,Fiji,000,Mundo,060311,"Rosas ""flores y capullos"", cortadas para ramos o adornos, frescas",,-28,,,,,,,,
304,Groenlandia,000,Mundo,060311,"Rosas ""flores y capullos"", cortadas para ramos o adornos, frescas",,-46,,,,,,,,
352,Islandia,000,Mundo,060311,"Rosas ""flores y capullos"", cortadas para ramos o adornos, frescas",,-196,,,,,,,,
368,Iraq,000,Mundo,060311,"Rosas ""flores y capullos"", cortadas para ramos o adornos, frescas",,-4039,,,,,,,,
292,Gibraltar,000,Mundo,060311,"Rosas ""flores y capullos"", cortadas para ramos o adornos, frescas",,-27,,,,,,,,
266,Gabón,000,Mundo,060311,"Rosas ""flores y capullos"", cortadas para ramos o adornos, frescas",,-25,,,,,,,,
324,Guinea,000,Mundo,060311,"Rosas ""flores y capullos"", cortadas para ramos o adornos, frescas",,-2,,,,,,,,
328,Guyana,000,Mundo,060311,"Rosas ""flores y capullos"", cortadas para ramos o adornos, frescas",,-3,,,,,,,,
340,Honduras,000,Mundo,060311,"Rosas ""flores y capullos"", cortadas para ramos o adornos, frescas",,-1334,,,,,,,,
084,Belice,000,Mundo,060311,"Rosas ""flores y capullos"", cortadas para ramos o adornos, frescas",,-2,,,,,,,,
096,Brunei Darussalam,000,Mundo,060311,"Rosas ""flores y capullos"", cortadas para ramos o adornos, frescas",,-44,,,,,,,,
070,Bosnia y Herzegovina,000,Mundo,060311,"Rosas ""flores y capullos"", cortadas para ramos o adornos, frescas",,-3887,,,,,,,,
072,Botsuana,000,Mundo,060311,"Rosas ""flores y capullos"", cortadas para ramos o adornos, frescas",,-317,,,,,,,,
104,Myanmar,000,Mundo,060311,"Rosas ""flores y capullos"", cortadas para ramos o adornos, frescas",,-9,,,,,,,,
112,Belarús,000,Mundo,060311,"Rosas ""flores y capullos"", cortadas para ramos o adornos, frescas",,-5233,,,,,,,,
116,Camboya,000,Mundo,060311,"Rosas ""flores y capullos"", cortadas para ramos o adornos, frescas",,-38,,,,,,,,
120,Camerún,000,Mundo,060311,"Rosas ""flores y capullos"", cortadas para ramos o adornos, frescas",,-269,,,,,,,,
148,Chad,000,Mundo,060311,"Rosas ""flores y capullos"", cortadas para ramos o adornos, frescas",,-1,,,,,,,,
132,Cabo Verde,000,Mundo,060311,"Rosas ""flores y capullos"", cortadas para ramos o adornos, frescas",,-53,,,,,,,,
178,Congo,000,Mundo,060311,"Rosas ""flores y capullos"", cortadas para ramos o adornos, frescas",,-100,,,,,,,,
180,"Congo, República Democrática del",000,Mundo,060311,"Rosas ""flores y capullos"", cortadas para ramos o adornos, frescas",,-12,,,,,,,,
188,Costa Rica,000,Mundo,060311,"Rosas ""flores y capullos"", cortadas para ramos o adornos, frescas",,-438,,,,,,,,
008,Albania,000,Mundo,060311,"Rosas ""flores y capullos"", cortadas para ramos o adornos, frescas",,-4008,,,,,,,,
012,Argelia,000,Mundo,060311,"Rosas ""flores y capullos"", cortadas para ramos o adornos, frescas",,-1226,,,,,,,,
020,Andorra,000,Mundo,060311,"Rosas ""flores y capullos"", cortadas para ramos o adornos, frescas",,-3,,,,,,,,
024,Angola,000,Mundo,060311,"Rosas ""flores y capullos"", cortadas para ramos o adornos, frescas",,-176,,,,,,,,
028,Antigua y Barbuda,000,Mundo,060311,"Rosas ""flores y capullos"", cortadas para ramos o adornos, frescas",,-1,,,,,,,,
031,Azerbaiyán,000,Mundo,060311,"Rosas ""flores y capullos"", cortadas para ramos o adornos, frescas",,-12355,,,,,,,,
032,Argentina,000,Mundo,060311,"Rosas ""flores y capullos"", cortadas para ramos o adornos, frescas",,-1117,,,,,,,,
044,Bahamas,000,Mundo,060311,"Rosas ""flores y capullos"", cortadas para ramos o adornos, frescas",,-283,,,,,,,,
048,Bahrein,000,Mundo,060311,"Rosas ""flores y capullos"", cortadas para ramos o adornos, frescas",,-2738,,,,,,,,
050,Bangladesh,000,Mundo,060311,"Rosas ""flores y capullos"", cortadas para ramos o adornos, frescas",,-149,,,,,,,,
064,Bhután,000,Mundo,060311,"Rosas ""flores y capullos"", cortadas para ramos o adornos, frescas",,-42,,,,,,,,
052,Barbados,000,Mundo,060311,"Rosas ""flores y capullos"", cortadas para ramos o adornos, frescas",,-73,,,,,,,,
837,Rancho de naves y aeronaves,000,Mundo,060311,"Rosas ""flores y capullos"", cortadas para ramos o adornos, frescas",,-48,,,,,,,,
807,Macedonia del Norte,000,Mundo,060311,"Rosas ""flores y capullos"", cortadas para ramos o adornos, frescas",,-927,,,,,,,,
849,Estados Unidos Minor periferico Islas,000,Mundo,060311,"Rosas ""flores y capullos"", cortadas para ramos o adornos, frescas",,-155,,,,,,,,
858,Uruguay,000,Mundo,060311,"Rosas ""flores y capullos"", cortadas para ramos o adornos, frescas",,-1902,,,,,,,,
887,Yemen,000,Mundo,060311,"Rosas ""flores y capullos"", cortadas para ramos o adornos, frescas",,-13,,,,,,,,
762,Tayikistán,000,Mundo,060311,"Rosas ""flores y capullos"", cortadas para ramos o adornos, frescas",,-1433,,,,,,,,
748,Eswatini,000,Mundo,060311,"Rosas ""flores y capullos"", cortadas para ramos o adornos, frescas",,-412,,,,,,,,
728,Sudán del Sur,000,Mundo,060311,"Rosas ""flores y capullos"", cortadas para ramos o adornos, frescas",,-13,,,,,,,,
729,Sudán,000,Mundo,060311,"Rosas ""flores y capullos"", cortadas para ramos o adornos, frescas",,-1,,,,,,,,
788,Túnez,000,Mundo,060311,"Rosas ""flores y capullos"", cortadas para ramos o adornos, frescas",,-611,,,,,,,,
795,Turkmenistán,000,Mundo,060311,"Rosas ""flores y capullos"", cortadas para ramos o adornos, frescas",,-67,,,,,,,,
772,Tokelau,000,Mundo,060311,"Rosas ""flores y capullos"", cortadas para ramos o adornos, frescas",,-11,,,,,,,,
776,Tonga,000,Mundo,060311,"Rosas ""flores y capullos"", cortadas para ramos o adornos, frescas",,-14,,,,,,,,
780,Trinidad y Tobago,000,Mundo,060311,"Rosas ""flores y capullos"", cortadas para ramos o adornos, frescas",,-381,,,,,,,,
